,stock,date,score,positive_score,negative_score,activity,avg_7_days,avg_14_days,avg_30_days
0,MMM,2022-04-13,6,20,-19,11,10,9,12
1,MMM,2022-04-14,40,43,-20,218,13,9,13
2,MMM,2022-04-15,31,37,-18,88,14,10,14
3,MMM,2022-04-16,26,29,-19,32,17,12,13
4,MMM,2022-04-17,22,31,0,71,17,13,13
5,MMM,2022-04-18,21,38,-28,122,18,14,13
6,MMM,2022-04-19,21,35,-19,107,20,15,13
7,MMM,2022-04-20,11,30,-20,68,20,16,13
0,AOS,2022-04-13,9,19,-20,24,-2,-1,0
1,AOS,2022-04-14,4,17,-20,7,-3,0,0
2,AOS,2022-04-15,-20,0,-20,4,-7,-2,-1
3,AOS,2022-04-16,0,20,-19,2,-3,-1,-1
4,AOS,2022-04-17,20,20,0,1,1,0,-1
5,AOS,2022-04-18,-1,20,-19,11,3,0,-1
6,AOS,2022-04-19,-3,14,-20,10,2,-2,-2
7,AOS,2022-04-20,-2,14,-20,5,1,-1,-2
0,ABT,2022-04-13,8,23,-20,33,14,13,11
1,ABT,2022-04-14,13,31,-23,83,16,13,11
2,ABT,2022-04-15,3,32,-30,273,15,12,11
3,ABT,2022-04-16,7,20,-19,49,13,12,11
4,ABT,2022-04-17,6,29,-19,210,12,12,11
5,ABT,2022-04-18,8,26,-20,58,13,11,11
6,ABT,2022-04-19,7,36,-30,241,13,11,11
7,ABT,2022-04-20,18,49,-40,652,14,12,11
0,ABBV,2022-04-13,8,45,-42,482,22,22,18
1,ABBV,2022-04-14,18,44,-34,351,22,20,18
2,ABBV,2022-04-15,13,35,-23,165,20,19,18
3,ABBV,2022-04-16,11,26,-20,61,17,18,17
4,ABBV,2022-04-17,15,26,-18,39,16,18,17
5,ABBV,2022-04-18,2,32,-31,111,13,18,17
6,ABBV,2022-04-19,19,39,-32,276,12,18,17
7,ABBV,2022-04-20,26,50,-35,547,13,19,18
0,ABMD,2022-04-13,7,20,-20,9,7,6,7
1,ABMD,2022-04-14,15,20,-20,8,6,7,7
2,ABMD,2022-04-15,-5,20,-18,15,5,6,7
3,ABMD,2022-04-16,23,23,0,15,7,7,7
4,ABMD,2022-04-17,0,20,-20,3,6,7,7
5,ABMD,2022-04-18,12,21,-20,17,7,7,7
6,ABMD,2022-04-19,11,26,-22,51,6,7,7
7,ABMD,2022-04-20,9,20,-20,9,8,8,7
0,ACN,2022-04-13,17,46,-31,581,20,16,16
1,ACN,2022-04-14,13,37,-25,239,21,16,16
2,ACN,2022-04-15,24,40,-20,233,18,17,17
3,ACN,2022-04-16,18,30,-20,68,17,17,17
4,ACN,2022-04-17,14,36,-23,179,15,17,17
5,ACN,2022-04-18,15,38,-26,231,15,18,16
6,ACN,2022-04-19,5,39,-36,423,15,18,16
7,ACN,2022-04-20,11,46,-41,596,15,17,16
0,ATVI,2022-04-13,-84,38,-86,21754,-3,-12,-9
1,ATVI,2022-04-14,-71,40,-76,7504,-11,-18,-11
2,ATVI,2022-04-15,-27,43,-57,2066,-14,-20,-12
3,ATVI,2022-04-16,-20,48,-58,2046,-23,-17,-12
4,ATVI,2022-04-17,-4,51,-55,6007,-24,-14,-13
5,ATVI,2022-04-18,0,48,-47,5789,-21,-11,-12
6,ATVI,2022-04-19,30,72,-49,13275,-17,-9,-11
7,ATVI,2022-04-20,-2,51,-53,5418,-19,-8,-11
0,ADM,2022-04-13,3,20,-20,19,14,11,16
1,ADM,2022-04-14,21,32,-20,68,12,12,16
2,ADM,2022-04-15,11,33,-19,181,11,12,16
3,ADM,2022-04-16,2,21,-20,23,10,12,16
4,ADM,2022-04-17,2,18,-20,12,10,12,15
5,ADM,2022-04-18,51,53,-20,518,15,15,16
6,ADM,2022-04-19,7,32,-25,144,14,14,16
7,ADM,2022-04-20,14,25,-19,29,14,15,16
0,ADBE,2022-04-13,15,59,-48,3391,-8,-5,-2
1,ADBE,2022-04-14,9,52,-44,2312,-5,-6,0
2,ADBE,2022-04-15,-20,47,-56,1370,-6,-9,-1
3,ADBE,2022-04-16,-35,49,-65,3654,-9,-13,-2
4,ADBE,2022-04-17,-4,47,-50,1221,-13,-8,-2
5,ADBE,2022-04-18,-8,42,-48,1058,-11,-10,-2
6,ADBE,2022-04-19,-12,51,-56,1593,-6,-9,-3
7,ADBE,2022-04-20,32,68,-49,6113,-3,-7,-2
0,AAP,2022-04-13,14,20,-20,13,6,7,7
1,AAP,2022-04-14,7,20,-20,6,7,7,7
2,AAP,2022-04-15,1,20,-19,26,6,7,7
3,AAP,2022-04-16,1,16,-20,21,5,6,7
4,AAP,2022-04-17,-4,20,-20,5,4,6,6
5,AAP,2022-04-18,2,18,-18,10,4,5,6
6,AAP,2022-04-19,5,19,-19,13,4,5,6
7,AAP,2022-04-20,5,20,0,23,4,5,6
0,AMD,2022-04-13,30,58,-45,1712,25,25,26
1,AMD,2022-04-14,22,54,-45,1035,24,23,26
2,AMD,2022-04-15,22,57,-50,1531,24,22,26
3,AMD,2022-04-16,-23,48,-58,1766,17,21,24
4,AMD,2022-04-17,29,57,-47,1402,18,22,24
5,AMD,2022-04-18,32,59,-45,1699,20,22,25
6,AMD,2022-04-19,29,57,-43,1889,19,23,24
7,AMD,2022-04-20,25,55,-43,1199,21,22,27
0,AES,2022-04-13,4,20,-20,10,5,4,4
1,AES,2022-04-14,16,21,-19,17,5,5,5
2,AES,2022-04-15,0,20,-20,18,5,6,5
3,AES,2022-04-16,0,3,-19,8,6,5,5
4,AES,2022-04-17,8,20,-19,5,6,5,4
5,AES,2022-04-18,-2,20,-19,8,5,4,4
6,AES,2022-04-19,6,19,-20,28,5,5,4
7,AES,2022-04-20,-22,21,-34,69,2,3,3
0,AFL,2022-04-13,7,26,-21,50,6,6,6
1,AFL,2022-04-14,23,35,-18,84,7,7,7
2,AFL,2022-04-15,20,31,-19,58,8,7,7
3,AFL,2022-04-16,-10,29,-35,99,5,7,7
4,AFL,2022-04-17,1,20,-17,29,2,5,6
5,AFL,2022-04-18,-18,23,-34,87,0,4,6
6,AFL,2022-04-19,22,30,-17,58,6,6,6
7,AFL,2022-04-20,22,33,-17,75,6,7,7
0,A,2022-04-13,10,27,-20,51,7,9,9
1,A,2022-04-14,6,25,-21,48,7,9,9
2,A,2022-04-15,14,26,-20,48,7,10,9
3,A,2022-04-16,14,23,0,29,9,10,10
4,A,2022-04-17,11,25,-17,38,9,10,10
5,A,2022-04-18,1,25,-26,61,9,9,10
6,A,2022-04-19,9,30,-24,72,8,9,9
7,A,2022-04-20,17,28,-15,40,9,9,10
0,APD,2022-04-13,17,24,-19,22,8,7,9
1,APD,2022-04-14,0,20,-19,9,7,7,8
2,APD,2022-04-15,-4,20,-19,5,5,5,8
3,APD,2022-04-16,20,20,0,7,6,6,8
4,APD,2022-04-17,0,20,-20,2,7,6,8
5,APD,2022-04-18,2,20,-20,11,7,6,8
6,APD,2022-04-19,5,20,0,37,6,6,7
7,APD,2022-04-20,2,20,-20,8,7,6,8
0,AKAM,2022-04-13,19,34,-16,103,6,6,8
1,AKAM,2022-04-14,3,28,-26,85,7,6,8
2,AKAM,2022-04-15,8,26,-16,55,7,5,8
3,AKAM,2022-04-16,-4,20,-19,34,5,4,8
4,AKAM,2022-04-17,15,23,-20,27,7,5,8
5,AKAM,2022-04-18,18,30,-20,63,9,6,8
6,AKAM,2022-04-19,16,34,-19,113,11,7,8
7,AKAM,2022-04-20,13,33,-24,105,12,8,8
0,ALB,2022-04-13,17,26,-20,29,7,13,12
1,ALB,2022-04-14,6,20,-19,17,7,13,12
2,ALB,2022-04-15,12,21,-19,18,8,12,12
3,ALB,2022-04-16,4,20,-19,12,9,11,12
4,ALB,2022-04-17,0,20,-19,11,7,9,12
5,ALB,2022-04-18,11,21,-19,18,8,8,12
6,ALB,2022-04-19,16,26,-19,43,8,8,12
7,ALB,2022-04-20,12,20,-19,15,9,8,13
0,ALK,2022-04-13,8,33,-22,196,-6,-5,-1
1,ALK,2022-04-14,2,18,-19,19,-6,-6,-1
2,ALK,2022-04-15,-2,19,-17,47,-8,-6,-1
3,ALK,2022-04-16,8,21,-20,22,-7,-6,-1
4,ALK,2022-04-17,0,20,-20,28,-8,-5,-1
5,ALK,2022-04-18,-64,51,-76,8532,-13,-9,-3
6,ALK,2022-04-19,-6,31,-35,139,-13,-9,-4
7,ALK,2022-04-20,-42,24,-52,655,-16,-10,-5
0,ARE,2022-04-13,17,22,-18,17,10,10,9
1,ARE,2022-04-14,24,26,0,25,11,11,10
2,ARE,2022-04-15,9,18,-20,16,12,11,10
3,ARE,2022-04-16,11,17,-20,11,12,11,10
4,ARE,2022-04-17,-3,19,-19,13,11,10,10
5,ARE,2022-04-18,9,17,-20,15,10,10,9
6,ARE,2022-04-19,16,23,-11,25,11,10,9
7,ARE,2022-04-20,15,21,-16,16,12,11,10
0,ALGN,2022-04-13,3,20,-20,7,7,5,6
1,ALGN,2022-04-14,16,20,0,5,9,5,7
2,ALGN,2022-04-15,-20,0,-20,1,8,4,6
3,ALGN,2022-04-16,-7,0,-20,3,6,6,5
4,ALGN,2022-04-17,-13,0,-20,3,0,4,5
5,ALGN,2022-04-18,7,20,0,6,0,4,5
6,ALGN,2022-04-19,0,20,-20,4,-1,4,4
7,ALGN,2022-04-20,4,16,-20,8,-1,3,4
0,ALLE,2022-04-13,8,19,-20,5,-2,-2,0
1,ALLE,2022-04-14,0,20,-20,4,-2,-2,0
2,ALLE,2022-04-15,0,0,0,2,-1,-3,0
3,ALLE,2022-04-16,0,0,0,1,1,-1,-1
4,ALLE,2022-04-17,-20,0,-20,1,-1,-2,-1
5,ALLE,2022-04-18,13,20,0,3,0,-2,-1
6,ALLE,2022-04-19,-4,0,-20,17,0,-2,-1
7,ALLE,2022-04-20,-2,20,-20,8,-1,-2,-1
0,LNT,2022-04-13,-1,22,-22,40,5,6,6
1,LNT,2022-04-14,-3,15,-20,35,4,5,6
2,LNT,2022-04-15,6,20,-20,7,3,5,5
3,LNT,2022-04-16,10,19,0,6,3,5,6
4,LNT,2022-04-17,-3,20,-20,6,2,4,5
5,LNT,2022-04-18,9,20,0,11,3,4,5
6,LNT,2022-04-19,-1,15,-19,13,3,4,5
7,LNT,2022-04-20,11,14,0,5,4,5,5
0,ALL,2022-04-13,41,51,-28,544,32,31,30
1,ALL,2022-04-14,55,59,-25,1081,33,33,31
2,ALL,2022-04-15,42,48,-28,618,35,36,32
3,ALL,2022-04-16,31,51,-36,601,36,36,32
4,ALL,2022-04-17,41,52,-30,507,40,36,32
5,ALL,2022-04-18,25,50,-32,543,39,35,32
6,ALL,2022-04-19,30,52,-39,759,38,34,32
7,ALL,2022-04-20,39,51,-33,476,38,34,32
0,GOOGL,2022-04-13,36,57,-40,1294,11,16,19
1,GOOGL,2022-04-14,20,61,-53,2056,12,16,19
2,GOOGL,2022-04-15,7,45,-40,1069,13,15,18
3,GOOGL,2022-04-16,-40,43,-58,1092,7,10,16
4,GOOGL,2022-04-17,8,44,-39,377,10,9,15
5,GOOGL,2022-04-18,22,53,-41,1081,10,9,14
6,GOOGL,2022-04-19,8,52,-49,1216,10,9,13
7,GOOGL,2022-04-20,17,54,-50,1226,10,9,16
0,GOOG,2022-04-13,19,70,-60,10114,-26,-23,-23
1,GOOG,2022-04-14,-17,35,-74,27491,-21,-20,-24
2,GOOG,2022-04-15,-58,34,-66,2532,-19,-23,-26
3,GOOG,2022-04-16,-63,36,-68,38916,-23,-27,-27
4,GOOG,2022-04-17,46,62,-39,2057,-23,-23,-25
5,GOOG,2022-04-18,-15,75,-86,140554,-17,-25,-25
6,GOOG,2022-04-19,-21,38,-70,13552,-12,-24,-24
7,GOOG,2022-04-20,3,40,-36,504,-13,-23,-23
0,MO,2022-04-13,15,36,-20,182,23,17,15
1,MO,2022-04-14,32,40,-19,157,23,19,16
2,MO,2022-04-15,34,37,-19,94,24,20,17
3,MO,2022-04-16,34,38,-14,92,25,21,18
4,MO,2022-04-17,14,17,-16,62,23,22,18
5,MO,2022-04-18,24,35,-20,130,25,23,18
6,MO,2022-04-19,21,32,-17,62,24,24,18
7,MO,2022-04-20,40,47,-20,307,27,26,20
0,AMZN,2022-04-13,-57,64,-85,28729,-45,-22,-24
1,AMZN,2022-04-14,-62,75,-92,64143,-44,-30,-28
2,AMZN,2022-04-15,-76,60,-87,28630,-53,-40,-29
3,AMZN,2022-04-16,-50,30,-70,6187,-53,-42,-31
4,AMZN,2022-04-17,-15,52,-60,3056,-47,-43,-32
5,AMZN,2022-04-18,-11,65,-55,16814,-39,-40,-32
6,AMZN,2022-04-19,-74,48,-80,11549,-46,-48,-32
7,AMZN,2022-04-20,-27,54,-74,16038,-44,-45,-30
0,AEE,2022-04-13,23,27,-19,27,13,13,7
1,AEE,2022-04-14,2,20,-20,16,12,12,8
2,AEE,2022-04-15,2,15,-20,12,12,10,7
3,AEE,2022-04-16,9,18,0,4,11,10,7
4,AEE,2022-04-17,-9,10,-20,11,8,9,7
5,AEE,2022-04-18,22,31,-20,84,9,10,8
6,AEE,2022-04-19,17,29,-20,58,8,10,8
7,AEE,2022-04-20,11,21,-20,21,9,11,9
0,AAL,2022-04-13,-22,50,-59,1809,-15,-14,-11
1,AAL,2022-04-14,-19,44,-53,968,-19,-16,-11
2,AAL,2022-04-15,-31,37,-60,2280,-21,-17,-13
3,AAL,2022-04-16,-7,37,-45,932,-21,-19,-14
4,AAL,2022-04-17,4,43,-43,1078,-19,-18,-13
5,AAL,2022-04-18,-29,38,-67,6028,-19,-16,-13
6,AAL,2022-04-19,-7,48,-52,1332,-19,-15,-14
7,AAL,2022-04-20,-19,47,-55,1716,-14,-15,-15
0,AEP,2022-04-13,12,20,0,5,0,5,6
1,AEP,2022-04-14,-1,17,-19,11,1,3,5
2,AEP,2022-04-15,-8,18,-19,13,-1,2,5
3,AEP,2022-04-16,11,18,-19,5,0,2,5
4,AEP,2022-04-17,7,20,-19,22,2,3,5
5,AEP,2022-04-18,2,19,-19,12,2,2,4
6,AEP,2022-04-19,13,20,-5,15,5,2,5
7,AEP,2022-04-20,16,23,-20,21,7,3,5
0,AXP,2022-04-13,22,46,-34,350,2,5,4
1,AXP,2022-04-14,5,36,-34,182,5,4,4
2,AXP,2022-04-15,2,41,-41,331,4,3,3
3,AXP,2022-04-16,-4,26,-32,178,1,2,3
4,AXP,2022-04-17,3,31,-24,488,0,2,3
5,AXP,2022-04-18,21,47,-34,517,4,4,3
6,AXP,2022-04-19,2,29,-27,142,6,4,3
7,AXP,2022-04-20,9,32,-25,141,6,4,3
0,AIG,2022-04-13,11,20,0,9,1,2,7
1,AIG,2022-04-14,3,19,-19,22,1,2,7
2,AIG,2022-04-15,6,19,0,9,2,2,7
3,AIG,2022-04-16,4,20,-19,5,2,2,6
4,AIG,2022-04-17,7,18,-19,7,5,3,6
5,AIG,2022-04-18,18,25,-20,27,9,3,6
6,AIG,2022-04-19,10,21,-19,22,8,4,7
7,AIG,2022-04-20,14,24,-19,32,8,4,7
0,AMT,2022-04-13,12,20,0,5,14,14,15
1,AMT,2022-04-14,21,28,-19,30,16,14,16
2,AMT,2022-04-15,9,20,-19,9,13,14,16
3,AMT,2022-04-16,32,32,0,45,13,16,16
4,AMT,2022-04-17,0,0,0,1,12,16,15
5,AMT,2022-04-18,25,25,0,19,14,16,16
6,AMT,2022-04-19,13,28,-18,60,15,15,16
7,AMT,2022-04-20,22,36,0,134,17,16,16
0,AWK,2022-04-13,-10,20,-19,4,-3,4,10
1,AWK,2022-04-14,15,20,-20,13,3,4,9
2,AWK,2022-04-15,-10,20,-19,4,1,2,9
3,AWK,2022-04-16,-13,0,-13,2,-1,0,8
4,AWK,2022-04-17,3,20,-20,6,-2,0,8
5,AWK,2022-04-18,6,20,0,11,-1,-1,7
6,AWK,2022-04-19,-1,20,-16,6,-2,-1,7
7,AWK,2022-04-20,-4,18,-20,6,-1,-2,6
0,AMP,2022-04-13,-9,20,-20,20,-4,-1,3
1,AMP,2022-04-14,-11,20,-20,7,-4,-1,3
2,AMP,2022-04-15,-6,20,-19,6,-3,-2,3
3,AMP,2022-04-16,-20,0,-20,1,-5,-3,2
4,AMP,2022-04-17,0,20,-20,2,-4,-3,2
5,AMP,2022-04-18,7,20,-20,6,-3,-3,1
6,AMP,2022-04-19,4,20,0,12,-3,-3,1
7,AMP,2022-04-20,0,12,-20,11,-2,-4,1
0,ABC,2022-04-13,-14,20,-23,20,4,8,8
1,ABC,2022-04-14,7,20,0,11,5,7,8
2,ABC,2022-04-15,0,20,-19,8,3,6,7
3,ABC,2022-04-16,-3,20,-20,7,1,5,7
4,ABC,2022-04-17,-10,0,-19,6,-2,5,6
5,ABC,2022-04-18,6,19,-19,15,-2,5,5
6,ABC,2022-04-19,15,21,-19,14,-1,4,7
7,ABC,2022-04-20,7,24,-20,50,-1,4,6
0,AME,2022-04-13,-21,20,-28,118,26,22,14
1,AME,2022-04-14,27,48,-20,580,29,23,15
2,AME,2022-04-15,35,44,0,253,26,25,16
3,AME,2022-04-16,7,16,0,13,22,23,16
4,AME,2022-04-17,16,19,0,11,23,24,16
5,AME,2022-04-18,40,42,-20,132,23,26,16
6,AME,2022-04-19,18,23,-20,20,19,27,17
7,AME,2022-04-20,20,42,-20,319,21,25,17
0,AMGN,2022-04-13,10,22,-21,100,9,12,10
1,AMGN,2022-04-14,-1,29,-29,79,8,10,10
2,AMGN,2022-04-15,14,25,-17,44,8,10,11
3,AMGN,2022-04-16,8,15,-19,24,8,10,11
4,AMGN,2022-04-17,2,20,-19,17,7,9,11
5,AMGN,2022-04-18,-38,34,-54,684,4,6,9
6,AMGN,2022-04-19,8,28,-23,77,3,5,9
7,AMGN,2022-04-20,17,31,-20,79,4,5,9
0,APH,2022-04-13,8,18,-19,9,8,8,8
1,APH,2022-04-14,9,18,0,10,7,8,8
2,APH,2022-04-15,8,17,-19,8,8,7,8
3,APH,2022-04-16,0,20,-19,5,7,7,8
4,APH,2022-04-17,20,20,0,6,7,8,8
5,APH,2022-04-18,6,20,-17,23,8,8,8
6,APH,2022-04-19,7,20,0,3,8,8,8
7,APH,2022-04-20,4,20,-19,11,7,8,8
0,ADI,2022-04-13,18,23,-20,20,14,14,11
1,ADI,2022-04-14,4,20,-20,46,12,13,11
2,ADI,2022-04-15,9,20,-19,16,12,13,10
3,ADI,2022-04-16,11,20,-20,7,10,13,11
4,ADI,2022-04-17,-4,20,-20,18,9,11,10
5,ADI,2022-04-18,-3,20,-20,34,8,11,10
6,ADI,2022-04-19,8,21,-20,32,9,11,10
7,ADI,2022-04-20,9,20,-20,12,8,10,10
0,ANSS,2022-04-13,1,30,-12,2248,8,9,8
1,ANSS,2022-04-14,55,61,-20,1309,12,12,9
2,ANSS,2022-04-15,6,20,-20,28,12,12,9
3,ANSS,2022-04-16,9,19,-18,15,11,11,10
4,ANSS,2022-04-17,2,20,-20,10,10,11,9
5,ANSS,2022-04-18,17,27,-20,38,11,11,9
6,ANSS,2022-04-19,12,28,0,85,12,11,10
7,ANSS,2022-04-20,8,27,-19,108,13,11,10
0,ANTM,2022-04-13,15,21,-19,18,15,15,15
1,ANTM,2022-04-14,11,20,-20,12,16,14,15
2,ANTM,2022-04-15,19,27,-11,42,15,14,15
3,ANTM,2022-04-16,2,20,-20,24,12,13,14
4,ANTM,2022-04-17,4,23,-19,136,10,12,14
5,ANTM,2022-04-18,5,18,-19,27,9,13,13
6,ANTM,2022-04-19,5,33,-28,166,8,12,13
7,ANTM,2022-04-20,5,40,-37,333,8,12,12
0,AON,2022-04-13,8,17,0,2,12,9,10
1,AON,2022-04-14,14,20,0,7,10,9,10
2,AON,2022-04-15,20,20,0,2,13,10,11
3,AON,2022-04-17,8,19,-20,9,11,10,11
4,AON,2022-04-18,23,28,-20,31,13,12,11
5,AON,2022-04-19,34,35,0,57,15,14,12
6,AON,2022-04-20,25,31,0,45,18,15,12
0,APA,2022-04-13,23,41,-20,212,12,13,13
1,APA,2022-04-14,-1,19,-19,22,11,12,12
2,APA,2022-04-15,3,20,-19,7,10,11,12
3,APA,2022-04-16,14,20,-19,7,9,10,12
4,APA,2022-04-17,6,17,-19,7,8,9,12
5,APA,2022-04-18,26,34,-20,65,10,12,12
6,APA,2022-04-19,13,25,-20,43,11,12,12
7,APA,2022-04-20,6,24,-19,45,10,11,12
0,AAPL,2022-04-13,-34,45,-60,1526,11,5,9
1,AAPL,2022-04-14,-44,57,-69,9018,6,2,8
2,AAPL,2022-04-15,1,49,-39,17582,1,3,7
3,AAPL,2022-04-16,29,63,-37,4610,5,8,6
4,AAPL,2022-04-17,33,67,-39,5539,3,9,6
5,AAPL,2022-04-18,-3,64,-72,51006,2,9,6
6,AAPL,2022-04-19,-19,44,-68,11099,-9,8,5
7,AAPL,2022-04-20,-68,55,-82,17036,-17,2,5
0,AMAT,2022-04-13,16,32,-20,71,6,10,12
1,AMAT,2022-04-14,8,34,-30,127,7,9,12
2,AMAT,2022-04-15,-2,17,-20,38,7,7,12
3,AMAT,2022-04-16,-19,20,-27,30,3,4,11
4,AMAT,2022-04-17,-1,20,-20,52,3,4,10
5,AMAT,2022-04-18,-9,25,-32,82,2,3,10
6,AMAT,2022-04-19,15,31,-16,84,2,4,10
7,AMAT,2022-04-20,13,31,-23,73,3,4,10
0,APTV,2022-04-13,-9,20,-24,28,1,-5,0
1,APTV,2022-04-14,4,20,-16,21,2,-2,0
2,APTV,2022-04-15,-10,0,-20,2,0,-1,-1
3,APTV,2022-04-16,0,0,0,2,2,-1,-1
4,APTV,2022-04-17,-6,20,-20,3,0,-1,-1
5,APTV,2022-04-18,-9,17,-21,24,-2,-2,-2
6,APTV,2022-04-19,-5,20,-20,4,-3,-1,-2
7,APTV,2022-04-20,-7,20,-20,3,-5,-1,-3
0,ANET,2022-04-13,3,20,-19,21,4,9,13
1,ANET,2022-04-14,-3,20,-20,22,4,7,13
2,ANET,2022-04-15,-8,20,-19,7,4,6,12
3,ANET,2022-04-16,-7,20,-20,8,3,5,12
4,ANET,2022-04-17,13,22,-19,17,5,6,12
5,ANET,2022-04-18,2,20,-19,17,4,5,11
6,ANET,2022-04-19,11,20,-20,19,3,4,11
7,ANET,2022-04-20,-3,20,-16,12,2,2,10
0,AJG,2022-04-13,8,18,-19,4,14,12,11
1,AJG,2022-04-14,1,20,-19,2,13,11,11
2,AJG,2022-04-15,3,20,-19,7,11,10,10
3,AJG,2022-04-16,15,15,0,1,12,11,11
4,AJG,2022-04-17,7,20,-18,3,12,11,11
5,AJG,2022-04-18,2,20,-19,9,10,10,10
6,AJG,2022-04-19,5,19,-20,13,9,10,10
7,AJG,2022-04-20,12,20,-20,8,8,11,10
0,AIZ,2022-04-13,10,20,-20,4,5,0,4
1,AIZ,2022-04-14,-4,20,-20,5,5,1,4
2,AIZ,2022-04-15,11,20,0,7,5,2,4
3,AIZ,2022-04-16,8,20,-19,8,6,3,4
4,AIZ,2022-04-17,20,20,0,2,7,5,4
5,AIZ,2022-04-18,6,20,-20,14,8,6,4
6,AIZ,2022-04-19,-2,20,-20,8,8,5,5
7,AIZ,2022-04-20,12,20,-20,12,8,6,5
0,T,2022-04-13,-8,46,-49,738,-20,-12,-9
1,T,2022-04-14,-10,55,-60,3466,-21,-13,-8
2,T,2022-04-15,20,56,-44,2351,-9,-11,-9
3,T,2022-04-16,16,45,-44,1025,-8,-10,-8
4,T,2022-04-17,6,48,-47,1105,-7,-9,-7
5,T,2022-04-18,-17,51,-58,1719,-8,-12,-7
6,T,2022-04-19,-5,42,-47,1218,-4,-11,-6
7,T,2022-04-20,70,77,-46,10620,4,-6,-5
0,ATO,2022-04-13,-20,0,-20,2,4,10,18
1,ATO,2022-04-14,-8,16,-19,5,4,8,18
2,ATO,2022-04-15,-34,0,-35,58,-1,5,16
3,ATO,2022-04-16,20,20,0,2,1,5,16
4,ATO,2022-04-17,-20,0,-20,2,-3,3,15
5,ATO,2022-04-18,26,30,-19,33,-2,3,15
6,ATO,2022-04-19,10,20,-19,4,-3,2,16
7,ATO,2022-04-20,15,20,-20,8,-1,3,15
0,ADSK,2022-04-13,6,33,-26,260,7,7,7
1,ADSK,2022-04-14,10,33,-25,165,6,6,7
2,ADSK,2022-04-15,7,31,-21,230,7,7,8
3,ADSK,2022-04-16,25,34,-19,95,11,7,8
4,ADSK,2022-04-17,8,23,-19,67,10,7,8
5,ADSK,2022-04-18,8,34,-24,257,9,7,8
6,ADSK,2022-04-19,10,37,-27,275,9,7,9
7,ADSK,2022-04-20,8,35,-27,253,9,9,9
0,ADP,2022-04-13,5,19,-16,15,-1,4,6
1,ADP,2022-04-14,1,15,-20,9,-2,4,6
2,ADP,2022-04-15,4,20,-20,9,-1,3,6
3,ADP,2022-04-16,14,20,-7,5,-1,4,6
4,ADP,2022-04-17,-19,0,-19,2,-4,0,5
5,ADP,2022-04-18,12,18,-20,14,-2,1,5
6,ADP,2022-04-19,5,19,-19,15,1,1,5
7,ADP,2022-04-20,9,20,-19,9,1,1,5
0,AZO,2022-04-13,5,30,-13,121,4,4,3
1,AZO,2022-04-14,-2,26,-29,218,3,4,3
2,AZO,2022-04-15,5,30,-25,81,5,3,3
3,AZO,2022-04-16,9,29,-23,63,6,3,4
4,AZO,2022-04-17,-7,23,-29,63,5,4,3
5,AZO,2022-04-18,-2,28,-29,100,2,3,3
6,AZO,2022-04-19,6,26,-27,88,3,4,3
7,AZO,2022-04-20,6,31,-27,99,3,3,3
0,AVB,2022-04-13,2,12,-19,3,4,8,9
1,AVB,2022-04-14,20,20,0,2,6,8,9
2,AVB,2022-04-15,13,20,0,3,7,8,10
3,AVB,2022-04-16,20,20,0,1,8,10,10
4,AVB,2022-04-17,20,20,0,1,11,10,11
5,AVB,2022-04-18,-3,20,-19,15,10,10,10
6,AVB,2022-04-19,7,20,-16,6,9,9,11
7,AVB,2022-04-20,18,21,-19,12,11,8,11
0,AVY,2022-04-13,-16,20,-24,22,3,6,6
1,AVY,2022-04-14,9,20,-20,11,3,6,6
2,AVY,2022-04-15,0,0,0,4,3,5,6
3,AVY,2022-04-17,-20,0,-20,1,1,2,5
4,AVY,2022-04-18,7,20,-16,11,1,2,5
5,AVY,2022-04-19,6,18,-20,9,2,2,5
6,AVY,2022-04-20,-10,18,-20,11,-2,1,5
0,BKR,2022-04-13,30,42,-27,157,9,12,4
1,BKR,2022-04-14,8,35,-28,136,9,12,4
2,BKR,2022-04-15,17,23,-19,28,10,13,5
3,BKR,2022-04-16,11,19,-20,10,10,13,5
4,BKR,2022-04-17,-5,21,-31,218,10,13,5
5,BKR,2022-04-18,-2,28,-30,74,10,13,5
6,BKR,2022-04-19,14,35,-19,164,10,12,6
7,BKR,2022-04-20,-15,45,-51,814,6,7,6
0,BLL,2022-04-13,9,21,-20,17,11,10,7
1,BLL,2022-04-14,4,17,-19,10,12,10,7
2,BLL,2022-04-15,13,17,0,8,12,11,7
3,BLL,2022-04-16,-20,0,-20,1,9,10,6
4,BLL,2022-04-17,8,20,0,5,8,9,6
5,BLL,2022-04-18,-18,19,-30,49,5,7,5
6,BLL,2022-04-19,12,24,-20,32,4,7,5
7,BLL,2022-04-20,6,20,-20,22,2,7,5
0,BAC,2022-04-13,-13,47,-54,1269,-13,-8,2
1,BAC,2022-04-14,1,43,-40,621,-12,-6,2
2,BAC,2022-04-15,-14,40,-50,1652,-17,-8,2
3,BAC,2022-04-16,-52,37,-62,1641,-18,-12,0
4,BAC,2022-04-17,4,51,-50,2038,-11,-11,0
5,BAC,2022-04-18,7,54,-51,6214,-8,-10,0
6,BAC,2022-04-19,28,60,-45,2324,-5,-8,0
7,BAC,2022-04-20,18,54,-45,1227,-9,-8,1
0,BAX,2022-04-13,3,19,-20,16,14,19,15
1,BAX,2022-04-14,0,20,-20,18,11,17,15
2,BAX,2022-04-15,4,9,-20,6,10,17,14
3,BAX,2022-04-16,25,26,0,23,11,18,15
4,BAX,2022-04-17,1,20,-19,19,8,15,14
5,BAX,2022-04-18,15,20,0,9,9,16,14
6,BAX,2022-04-19,13,23,0,35,9,14,15
7,BAX,2022-04-20,47,47,-20,263,14,15,16
0,BDX,2022-04-13,1,20,-15,8,1,3,5
1,BDX,2022-04-14,3,20,-20,16,2,3,5
2,BDX,2022-04-15,2,19,-13,9,2,3,5
3,BDX,2022-04-16,16,20,-20,12,3,3,5
4,BDX,2022-04-17,10,20,-20,4,4,3,5
5,BDX,2022-04-18,-7,20,-20,31,3,3,4
6,BDX,2022-04-19,-5,20,-20,14,2,3,4
7,BDX,2022-04-20,10,20,0,8,2,3,4
0,BBY,2022-04-13,13,53,-33,2357,20,17,12
1,BBY,2022-04-14,17,47,-34,1075,20,17,13
2,BBY,2022-04-15,15,54,-35,3329,21,18,13
3,BBY,2022-04-16,8,48,-42,1253,18,18,13
4,BBY,2022-04-17,24,54,-35,1606,18,18,13
5,BBY,2022-04-18,-1,45,-53,2600,17,17,13
6,BBY,2022-04-19,29,61,-42,2830,18,18,14
7,BBY,2022-04-20,18,62,-46,3811,19,18,14
0,BIO,2022-04-13,5,20,-20,8,2,5,5
1,BIO,2022-04-14,4,20,-20,9,3,5,5
2,BIO,2022-04-15,0,20,-20,5,4,4,5
3,BIO,2022-04-16,-13,6,-20,4,0,2,4
4,BIO,2022-04-17,-20,0,-20,2,-4,0,3
5,BIO,2022-04-18,-2,20,-20,9,-2,0,3
6,BIO,2022-04-19,4,20,-19,5,-3,0,2
7,BIO,2022-04-20,12,20,0,5,-2,0,2
0,BIIB,2022-04-13,2,26,-26,56,-3,-2,0
1,BIIB,2022-04-14,6,27,-22,60,-3,-1,0
2,BIIB,2022-04-15,-12,14,-25,39,-4,-2,-1
3,BIIB,2022-04-16,0,20,-20,14,0,-2,-1
4,BIIB,2022-04-17,0,20,-19,76,1,-4,-2
5,BIIB,2022-04-18,16,40,-31,190,4,-2,-2
6,BIIB,2022-04-19,-6,26,-30,95,3,-2,-2
7,BIIB,2022-04-20,12,27,-18,59,1,-1,-2
0,BLK,2022-04-13,33,73,-52,15327,-10,-15,-15
1,BLK,2022-04-14,-88,56,-95,61930,-20,-23,-19
2,BLK,2022-04-15,-20,60,-89,144699,-17,-20,-18
3,BLK,2022-04-16,-26,50,-65,5070,-18,-20,-18
4,BLK,2022-04-17,-38,53,-65,3451,-19,-19,-19
5,BLK,2022-04-18,-25,49,-59,2140,-23,-18,-21
6,BLK,2022-04-19,-25,48,-59,2174,-23,-20,-22
7,BLK,2022-04-20,-25,38,-54,1409,-23,-21,-23
0,BK,2022-04-13,-4,20,-20,10,0,-1,-1
1,BK,2022-04-14,0,21,-21,84,-3,-1,-1
2,BK,2022-04-15,-1,21,-30,923,-3,-1,-1
3,BK,2022-04-16,8,21,-20,46,-1,1,-1
4,BK,2022-04-17,1,16,-18,712,0,0,-1
5,BK,2022-04-18,-10,29,-39,293,-1,0,-2
6,BK,2022-04-19,-4,19,-22,33,-2,0,-1
7,BK,2022-04-20,-5,17,-22,49,-2,-1,-1
0,BA,2022-04-13,-15,53,-58,2083,-16,-9,-13
1,BA,2022-04-14,14,60,-50,3913,-11,-10,-12
2,BA,2022-04-15,15,52,-44,2552,-10,-8,-12
3,BA,2022-04-16,7,46,-35,1148,-2,-9,-12
4,BA,2022-04-17,-4,44,-47,1739,-3,-7,-12
5,BA,2022-04-18,29,60,-44,2280,0,-4,-11
6,BA,2022-04-19,2,48,-48,1501,0,-4,-12
7,BA,2022-04-20,-8,52,-54,2105,-3,-6,-10
0,BKNG,2022-04-13,16,23,-20,23,6,8,10
1,BKNG,2022-04-14,6,20,-20,10,6,7,10
2,BKNG,2022-04-15,-2,20,-20,13,6,6,10
3,BKNG,2022-04-16,-1,20,-15,6,5,6,9
4,BKNG,2022-04-17,7,18,-19,7,6,5,9
5,BKNG,2022-04-18,2,22,-20,38,4,5,8
6,BKNG,2022-04-19,6,25,-21,35,5,5,8
7,BKNG,2022-04-20,21,32,-16,59,7,6,8
0,BWA,2022-04-13,6,20,-19,15,5,7,8
1,BWA,2022-04-14,26,29,-20,32,8,8,8
2,BWA,2022-04-15,18,20,0,10,9,8,9
3,BWA,2022-04-16,20,20,0,7,10,9,9
4,BWA,2022-04-17,-4,19,-21,37,8,8,9
5,BWA,2022-04-18,13,19,-20,10,13,9,9
6,BWA,2022-04-19,18,20,0,10,14,8,9
7,BWA,2022-04-20,10,20,-15,13,13,9,9
0,BXP,2022-04-13,9,19,-20,11,0,3,4
1,BXP,2022-04-14,8,20,0,5,0,2,4
2,BXP,2022-04-15,3,20,-20,6,0,1,4
3,BXP,2022-04-17,-20,0,-20,1,-1,1,3
4,BXP,2022-04-18,-4,20,-16,3,-2,-1,3
5,BXP,2022-04-19,7,20,-19,3,2,0,2
6,BXP,2022-04-20,12,20,-19,5,2,0,3
0,BSX,2022-04-13,20,29,-19,73,12,9,8
1,BSX,2022-04-14,23,36,-19,136,13,9,9
2,BSX,2022-04-15,13,19,-20,13,12,10,9
3,BSX,2022-04-16,6,20,-20,11,11,10,9
4,BSX,2022-04-17,-6,18,-20,16,10,9,8
5,BSX,2022-04-18,15,21,-20,18,10,9,8
6,BSX,2022-04-19,24,33,-20,63,13,12,9
7,BSX,2022-04-20,30,39,-19,126,16,13,9
0,BMY,2022-04-13,24,35,-19,83,20,20,17
1,BMY,2022-04-14,-6,30,-34,132,17,18,16
2,BMY,2022-04-15,1,21,-21,34,16,17,16
3,BMY,2022-04-16,21,30,-19,46,15,18,16
4,BMY,2022-04-17,16,21,-20,15,14,17,16
5,BMY,2022-04-18,-15,30,-39,180,12,15,15
6,BMY,2022-04-19,6,24,-19,46,10,15,15
7,BMY,2022-04-20,23,34,-19,82,10,14,16
0,AVGO,2022-04-13,22,36,-19,113,12,9,16
1,AVGO,2022-04-14,13,33,-24,116,13,9,16
2,AVGO,2022-04-15,6,19,-20,41,12,10,17
3,AVGO,2022-04-16,4,18,-20,22,12,9,16
4,AVGO,2022-04-17,6,20,-20,27,12,9,15
5,AVGO,2022-04-18,15,36,-26,137,14,10,14
6,AVGO,2022-04-19,12,35,-24,172,12,10,14
7,AVGO,2022-04-20,19,40,-25,249,12,11,14
0,CHRW,2022-04-13,-11,19,-21,15,-2,-1,4
1,CHRW,2022-04-14,-13,20,-19,6,-4,-1,3
2,CHRW,2022-04-15,7,20,-20,3,-3,-2,2
3,CHRW,2022-04-16,0,20,-19,3,-4,-1,2
4,CHRW,2022-04-17,20,20,0,1,-3,0,3
5,CHRW,2022-04-18,20,20,0,1,1,2,3
6,CHRW,2022-04-20,-5,20,-19,4,1,1,3
0,CDNS,2022-04-13,2,20,-18,14,10,10,9
1,CDNS,2022-04-14,-3,20,-20,12,8,9,8
2,CDNS,2022-04-15,-10,0,-20,2,6,7,8
3,CDNS,2022-04-16,10,20,0,4,6,8,8
4,CDNS,2022-04-17,-3,20,-20,18,4,6,8
5,CDNS,2022-04-18,10,20,-19,15,3,6,7
6,CDNS,2022-04-19,18,21,-20,12,6,7,8
7,CDNS,2022-04-20,2,20,-19,14,5,7,7
0,CZR,2022-04-13,25,43,-18,277,12,11,11
1,CZR,2022-04-14,13,34,-18,186,10,12,11
2,CZR,2022-04-15,23,30,-19,48,14,13,11
3,CZR,2022-04-16,3,20,-20,14,14,12,11
4,CZR,2022-04-17,2,25,-23,56,12,11,11
5,CZR,2022-04-18,6,30,-24,100,13,11,10
6,CZR,2022-04-19,15,31,-19,70,12,11,11
7,CZR,2022-04-20,9,24,-16,48,10,11,10
0,CPB,2022-04-13,-3,20,-20,13,-2,1,2
1,CPB,2022-04-14,13,20,-1,6,1,1,2
2,CPB,2022-04-15,0,2,0,7,2,1,2
3,CPB,2022-04-16,9,20,-20,15,3,2,2
4,CPB,2022-04-17,0,20,-20,2,5,1,2
5,CPB,2022-04-18,3,20,-19,19,5,1,2
6,CPB,2022-04-19,-10,19,-20,18,3,1,2
7,CPB,2022-04-20,9,18,-20,6,2,0,2
0,COF,2022-04-13,38,43,-15,168,6,5,7
1,COF,2022-04-14,10,18,-19,9,8,6,7
2,COF,2022-04-15,2,20,-19,9,8,6,7
3,COF,2022-04-16,0,0,0,2,7,6,6
4,COF,2022-04-17,20,20,0,2,9,6,6
5,COF,2022-04-18,17,31,-19,55,10,8,7
6,COF,2022-04-19,13,19,-19,17,12,9,6
7,COF,2022-04-20,7,20,-19,23,13,8,6
0,CAH,2022-04-13,2,18,-16,14,10,7,7
1,CAH,2022-04-14,12,20,-20,13,12,7,7
2,CAH,2022-04-15,18,29,-20,43,13,8,7
3,CAH,2022-04-16,-9,20,-20,9,9,8,7
4,CAH,2022-04-17,-3,20,-20,7,5,7,7
5,CAH,2022-04-18,0,19,-20,15,5,7,7
6,CAH,2022-04-19,-18,14,-25,26,2,6,6
7,CAH,2022-04-20,9,25,-20,33,2,6,5
0,KMX,2022-04-13,3,40,-39,315,0,-4,1
1,KMX,2022-04-14,-13,20,-30,84,-1,-5,0
2,KMX,2022-04-15,-7,18,-26,57,-2,-4,-1
3,KMX,2022-04-16,8,27,-21,62,-1,-3,-1
4,KMX,2022-04-17,9,20,-19,20,-1,-1,-1
5,KMX,2022-04-18,1,20,-24,93,-3,-1,-2
6,KMX,2022-04-19,-15,25,-29,156,-5,-1,-3
7,KMX,2022-04-20,21,39,-27,137,-4,0,-2
0,CCL,2022-04-13,17,43,-27,500,15,12,11
1,CCL,2022-04-14,7,36,-30,252,13,12,11
2,CCL,2022-04-15,-4,25,-29,82,12,13,11
3,CCL,2022-04-16,-46,27,-53,581,4,9,9
4,CCL,2022-04-17,-8,27,-36,225,3,7,9
5,CCL,2022-04-18,17,39,-30,371,3,8,9
6,CCL,2022-04-19,19,46,-32,600,4,9,9
7,CCL,2022-04-20,7,36,-32,180,2,8,9
0,CAT,2022-04-13,14,37,-18,235,25,25,22
1,CAT,2022-04-14,27,49,-35,648,24,26,22
2,CAT,2022-04-15,23,35,-19,89,24,25,22
3,CAT,2022-04-16,21,31,-16,57,22,26,21
4,CAT,2022-04-17,11,38,-28,225,17,25,21
5,CAT,2022-04-18,18,45,-35,320,17,24,20
6,CAT,2022-04-19,22,40,-17,202,17,24,21
7,CAT,2022-04-20,-10,40,-43,297,15,21,20
0,CBRE,2022-04-13,18,32,-12,78,9,7,9
1,CBRE,2022-04-14,12,36,-17,238,10,8,9
2,CBRE,2022-04-15,10,19,0,29,12,8,9
3,CBRE,2022-04-16,4,26,-19,203,11,7,9
4,CBRE,2022-04-17,10,11,0,9,11,8,8
5,CBRE,2022-04-18,6,21,-19,43,10,8,8
6,CBRE,2022-04-19,7,20,-20,31,10,9,8
7,CBRE,2022-04-20,12,26,-18,56,10,9,9
0,CE,2022-04-13,7,20,0,14,3,4,4
1,CE,2022-04-14,20,20,0,3,6,3,4
2,CE,2022-04-15,10,20,-19,6,7,4,4
3,CE,2022-04-16,0,20,-19,2,8,5,4
4,CE,2022-04-17,-5,20,-20,4,5,3,4
5,CE,2022-04-18,8,20,-19,5,5,4,4
6,CE,2022-04-19,4,20,-19,10,5,4,4
7,CE,2022-04-20,1,20,-17,9,6,4,4
0,CNC,2022-04-13,-1,19,-19,26,-3,-4,4
1,CNC,2022-04-14,10,20,-20,20,-3,-3,4
2,CNC,2022-04-15,-10,20,-26,45,-5,-4,3
3,CNC,2022-04-16,-5,20,-20,8,-4,-3,2
4,CNC,2022-04-17,-9,19,-26,37,-3,-3,1
5,CNC,2022-04-18,7,20,-20,22,-3,-2,1
6,CNC,2022-04-19,-2,16,-19,29,-3,-2,0
7,CNC,2022-04-20,5,22,-19,47,-2,-2,1
0,CNP,2022-04-13,-23,20,-32,54,-2,1,0
1,CNP,2022-04-14,-16,19,-29,43,-3,-2,-1
2,CNP,2022-04-15,-32,20,-36,74,-8,-3,-1
3,CNP,2022-04-16,2,19,-20,13,-8,-3,-1
4,CNP,2022-04-17,12,20,-19,5,-8,-2,-1
5,CNP,2022-04-18,-4,20,-19,11,-8,-3,-2
6,CNP,2022-04-19,-3,28,-30,72,-7,-3,-2
7,CNP,2022-04-20,5,24,-20,39,-6,-3,-2
0,CDAY,2022-04-13,-2,20,-18,10,-8,0,3
1,CDAY,2022-04-14,-19,0,-19,1,-9,-2,3
2,CDAY,2022-04-15,-20,0,-20,1,-11,-5,2
3,CDAY,2022-04-16,0,20,-20,5,-10,-5,1
4,CDAY,2022-04-17,-20,0,-20,1,-12,-8,0
5,CDAY,2022-04-18,-6,20,-19,6,-10,-8,-1
6,CDAY,2022-04-19,0,20,-20,8,-9,-8,-1
7,CDAY,2022-04-20,9,20,-19,13,-7,-8,-1
0,CERN,2022-04-13,8,25,-20,39,4,7,6
1,CERN,2022-04-14,1,20,-19,31,4,6,6
2,CERN,2022-04-15,15,23,-20,18,6,6,6
3,CERN,2022-04-16,-7,20,-20,16,5,5,5
4,CERN,2022-04-17,-20,0,-20,1,2,3,5
5,CERN,2022-04-18,7,19,-20,20,4,3,5
6,CERN,2022-04-19,12,21,-16,21,4,4,5
7,CERN,2022-04-20,4,18,-19,23,4,3,5
0,CF,2022-04-13,33,43,-25,170,13,9,14
1,CF,2022-04-14,-21,24,-36,102,8,8,12
2,CF,2022-04-15,16,22,-20,18,8,9,12
3,CF,2022-04-16,11,30,-24,53,7,10,12
4,CF,2022-04-17,11,27,-20,48,7,10,12
5,CF,2022-04-18,15,29,-19,42,7,9,12
6,CF,2022-04-19,9,29,-23,49,7,11,12
7,CF,2022-04-20,28,38,-20,146,12,12,12
0,SCHW,2022-04-13,10,29,-21,67,0,2,4
1,SCHW,2022-04-14,1,24,-23,100,1,2,4
2,SCHW,2022-04-15,0,29,-31,949,1,1,4
3,SCHW,2022-04-16,4,25,-23,56,4,2,4
4,SCHW,2022-04-17,1,18,-22,727,3,0,4
5,SCHW,2022-04-18,-11,41,-46,568,0,0,4
6,SCHW,2022-04-19,7,33,-25,157,2,1,4
7,SCHW,2022-04-20,2,23,-21,61,1,1,4
0,CHTR,2022-04-13,0,20,-17,24,8,9,8
1,CHTR,2022-04-14,4,22,-21,46,7,9,8
2,CHTR,2022-04-15,-4,17,-20,15,5,8,8
3,CHTR,2022-04-16,10,20,0,4,6,8,7
4,CHTR,2022-04-17,9,20,-20,7,6,8,7
5,CHTR,2022-04-18,-11,27,-33,92,4,6,6
6,CHTR,2022-04-19,9,25,-20,33,5,6,6
7,CHTR,2022-04-20,-1,21,-22,26,3,6,6
0,CVX,2022-04-13,51,89,-78,39789,-1,3,1
1,CVX,2022-04-14,8,50,-47,846,0,2,1
2,CVX,2022-04-15,-58,44,-72,5414,-7,0,-4
3,CVX,2022-04-16,17,53,-47,821,2,3,-4
4,CVX,2022-04-17,17,51,-46,868,4,3,-5
5,CVX,2022-04-18,18,53,-48,1199,3,1,-5
6,CVX,2022-04-19,-37,45,-63,2234,-4,-3,-6
7,CVX,2022-04-20,0,52,-53,1358,-1,-3,-6
0,CMG,2022-04-13,0,29,-30,109,5,8,8
1,CMG,2022-04-14,12,34,-28,142,6,8,9
2,CMG,2022-04-15,2,17,-18,57,7,7,8
3,CMG,2022-04-16,1,19,-20,64,6,6,8
4,CMG,2022-04-17,2,20,-18,65,4,6,7
5,CMG,2022-04-18,-3,31,-33,124,3,5,7
6,CMG,2022-04-19,8,35,-31,186,3,5,7
7,CMG,2022-04-20,8,26,-20,101,4,5,7
0,CB,2022-04-13,16,20,0,17,11,9,11
1,CB,2022-04-14,8,18,-20,11,12,8,11
2,CB,2022-04-15,9,20,-20,12,11,8,11
3,CB,2022-04-16,5,20,-20,4,9,7,10
4,CB,2022-04-17,-12,2,-20,3,7,7,10
5,CB,2022-04-18,10,20,0,8,8,7,10
6,CB,2022-04-19,29,33,-19,54,9,9,11
7,CB,2022-04-20,14,22,-19,20,10,10,11
0,CHD,2022-04-13,13,20,-19,6,14,9,8
1,CHD,2022-04-14,0,19,-19,2,12,9,8
2,CHD,2022-04-15,0,13,-19,6,9,8,7
3,CHD,2022-04-16,12,19,0,10,9,9,7
4,CHD,2022-04-17,-13,0,-19,3,7,8,7
5,CHD,2022-04-18,4,20,-20,19,6,7,7
6,CHD,2022-04-19,-8,20,-20,15,4,7,7
7,CHD,2022-04-20,2,20,-20,15,4,8,6
0,CI,2022-04-13,-16,21,-33,85,-9,-5,-3
1,CI,2022-04-14,-10,22,-31,86,-9,-6,-3
2,CI,2022-04-15,-11,20,-21,33,-12,-6,-3
3,CI,2022-04-16,-4,19,-19,19,-8,-4,-4
4,CI,2022-04-17,-23,17,-30,42,-11,-6,-5
5,CI,2022-04-18,-5,22,-26,48,-11,-7,-5
6,CI,2022-04-19,3,30,-26,98,-9,-6,-5
7,CI,2022-04-20,5,32,-27,114,-8,-8,-5
0,CINF,2022-04-13,20,20,0,3,4,7,9
1,CINF,2022-04-14,-1,18,-20,3,4,7,8
2,CINF,2022-04-15,0,0,0,7,2,5,8
3,CINF,2022-04-16,10,19,0,4,4,6,8
4,CINF,2022-04-17,0,0,0,2,4,5,7
5,CINF,2022-04-18,11,20,-20,7,6,4,7
6,CINF,2022-04-19,-9,20,-20,12,5,3,7
7,CINF,2022-04-20,20,24,-19,21,6,4,7
0,CTAS,2022-04-13,5,16,-20,27,-1,1,1
1,CTAS,2022-04-14,9,28,-15,109,0,1,2
2,CTAS,2022-04-15,1,20,0,18,0,0,2
3,CTAS,2022-04-16,0,20,-19,13,1,0,2
4,CTAS,2022-04-17,-4,0,-20,10,1,0,1
5,CTAS,2022-04-18,8,20,-20,15,2,0,2
6,CTAS,2022-04-19,13,23,-20,30,4,1,2
7,CTAS,2022-04-20,8,19,-18,22,5,1,2
0,CSCO,2022-04-13,32,49,-28,477,19,20,19
1,CSCO,2022-04-14,0,48,-48,858,17,19,19
2,CSCO,2022-04-15,-18,42,-52,950,13,16,18
3,CSCO,2022-04-16,0,45,-46,734,10,14,18
4,CSCO,2022-04-17,17,49,-42,646,10,14,17
5,CSCO,2022-04-18,14,45,-38,474,10,14,17
6,CSCO,2022-04-19,31,49,-32,609,13,15,18
7,CSCO,2022-04-20,14,45,-38,524,11,14,18
0,C,2022-04-13,20,52,-44,1223,-6,1,-2
1,C,2022-04-14,-49,48,-67,4006,-4,-1,-3
2,C,2022-04-15,0,48,-49,792,-3,2,-3
3,C,2022-04-16,-45,30,-62,1878,-6,-3,-5
4,C,2022-04-17,-62,37,-68,2946,-13,-9,-5
5,C,2022-04-18,-27,36,-68,7686,-17,-12,-6
6,C,2022-04-19,18,56,-48,1538,-15,-12,-5
7,C,2022-04-20,-49,53,-71,4720,-17,-17,-6
0,CFG,2022-04-13,9,20,-20,20,7,11,12
1,CFG,2022-04-14,14,24,-19,51,8,11,12
2,CFG,2022-04-15,17,25,-19,24,10,12,12
3,CFG,2022-04-16,4,19,-20,9,11,12,12
4,CFG,2022-04-17,15,20,-20,11,11,11,12
5,CFG,2022-04-18,16,38,-25,197,11,9,12
6,CFG,2022-04-19,10,37,-28,230,10,9,12
7,CFG,2022-04-20,5,22,-18,49,10,9,12
0,CTXS,2022-04-13,-2,38,-38,331,8,6,5
1,CTXS,2022-04-14,-1,28,-29,101,7,5,5
2,CTXS,2022-04-15,1,23,-24,57,6,5,5
3,CTXS,2022-04-16,9,19,-20,30,6,6,6
4,CTXS,2022-04-17,9,18,-19,15,6,6,6
5,CTXS,2022-04-18,5,28,-25,70,6,7,6
6,CTXS,2022-04-19,11,29,-22,84,6,8,6
7,CTXS,2022-04-20,8,32,-27,98,4,7,6
0,CLX,2022-04-13,-21,23,-39,177,4,4,4
1,CLX,2022-04-14,4,26,-23,68,3,4,1
2,CLX,2022-04-15,5,35,-27,496,3,4,2
3,CLX,2022-04-16,0,21,-21,40,1,3,2
4,CLX,2022-04-17,1,21,-21,73,2,4,2
5,CLX,2022-04-18,-1,23,-25,64,2,4,1
6,CLX,2022-04-19,5,40,-37,228,-1,3,1
7,CLX,2022-04-20,-1,26,-27,147,-1,3,2
0,CME,2022-04-13,3,19,-16,18,8,9,7
1,CME,2022-04-14,6,17,0,9,9,9,7
2,CME,2022-04-15,8,20,0,5,8,9,7
3,CME,2022-04-16,13,19,0,6,9,9,7
4,CME,2022-04-17,4,19,-20,5,9,9,7
5,CME,2022-04-18,5,20,-19,8,8,10,7
6,CME,2022-04-19,-4,18,-21,24,7,7,7
7,CME,2022-04-20,17,24,-19,25,8,8,7
0,CMS,2022-04-13,-5,20,-19,8,6,7,9
1,CMS,2022-04-14,-6,20,-19,10,3,6,8
2,CMS,2022-04-15,-10,0,-19,2,1,5,8
3,CMS,2022-04-16,0,20,-19,3,1,4,8
4,CMS,2022-04-17,19,19,0,1,2,5,8
5,CMS,2022-04-18,27,30,-20,37,5,6,9
6,CMS,2022-04-19,2,20,-20,9,4,5,8
7,CMS,2022-04-20,13,20,-19,16,4,6,8
0,KO,2022-04-13,16,48,-40,711,8,9,7
1,KO,2022-04-14,-18,41,-51,758,4,7,6
2,KO,2022-04-15,0,47,-48,1433,3,6,6
3,KO,2022-04-16,-34,43,-58,1287,-1,4,5
4,KO,2022-04-17,15,44,-37,598,2,1,5
5,KO,2022-04-18,12,41,-31,455,2,3,5
6,KO,2022-04-19,15,42,-35,695,1,4,5
7,KO,2022-04-20,-18,51,-58,1906,-1,3,4
0,CTSH,2022-04-13,-2,20,-21,24,10,12,11
1,CTSH,2022-04-14,4,18,-20,8,10,10,11
2,CTSH,2022-04-15,1,12,0,9,10,10,11
3,CTSH,2022-04-16,0,19,-20,4,10,10,11
4,CTSH,2022-04-17,-6,20,-20,3,5,9,10
5,CTSH,2022-04-18,6,20,-20,10,4,9,10
6,CTSH,2022-04-19,2,20,-19,13,4,7,9
7,CTSH,2022-04-20,5,20,-20,13,3,7,9
0,CL,2022-04-13,24,44,-30,294,2,6,8
1,CL,2022-04-14,46,57,-40,2383,10,9,9
2,CL,2022-04-15,-1,33,-36,844,10,7,9
3,CL,2022-04-16,5,31,-29,155,10,6,9
4,CL,2022-04-17,12,35,-24,158,11,7,10
5,CL,2022-04-18,16,39,-28,213,12,8,10
6,CL,2022-04-19,-7,35,-39,327,11,7,9
7,CL,2022-04-20,11,44,-35,586,12,6,9
0,CMCSA,2022-04-13,2,45,-49,726,-15,-15,-13
1,CMCSA,2022-04-14,-57,39,-67,2850,-22,-18,-15
2,CMCSA,2022-04-15,-8,47,-52,960,-22,-17,-15
3,CMCSA,2022-04-16,-20,33,-45,340,-20,-17,-15
4,CMCSA,2022-04-17,-24,27,-42,225,-21,-19,-16
5,CMCSA,2022-04-18,-28,37,-52,800,-22,-19,-16
6,CMCSA,2022-04-19,-13,42,-48,532,-21,-20,-16
7,CMCSA,2022-04-20,7,45,-45,935,-18,-17,-16
0,CMA,2022-04-13,9,25,-16,35,2,3,5
1,CMA,2022-04-14,6,20,-20,7,4,3,5
2,CMA,2022-04-15,-6,20,-20,6,3,2,5
3,CMA,2022-04-16,-1,19,-20,20,2,2,4
4,CMA,2022-04-17,-4,0,-20,5,2,1,4
5,CMA,2022-04-18,5,18,-20,24,3,3,3
6,CMA,2022-04-19,-8,20,-30,125,1,1,3
7,CMA,2022-04-20,-13,27,-38,233,-2,0,2
0,CAG,2022-04-13,9,21,-17,28,4,4,3
1,CAG,2022-04-14,7,24,-20,40,4,4,4
2,CAG,2022-04-15,10,20,-20,20,4,5,4
3,CAG,2022-04-16,0,20,-20,2,4,5,3
4,CAG,2022-04-17,-4,16,-20,6,5,4,3
5,CAG,2022-04-18,15,21,-20,18,6,4,3
6,CAG,2022-04-19,10,24,-20,29,8,5,3
7,CAG,2022-04-20,3,16,-20,23,6,5,3
0,COP,2022-04-13,-7,28,-32,86,2,7,6
1,COP,2022-04-14,15,30,-21,57,1,8,6
2,COP,2022-04-15,11,25,-20,36,3,8,7
3,COP,2022-04-16,3,21,-19,30,5,7,6
4,COP,2022-04-17,28,36,-19,91,8,9,7
5,COP,2022-04-18,19,41,-30,192,8,11,7
6,COP,2022-04-19,14,32,-21,85,6,8,7
7,COP,2022-04-20,14,35,-24,151,7,8,7
0,ED,2022-04-13,-3,20,-20,26,-8,-9,-8
1,ED,2022-04-14,9,30,-23,88,-8,-8,-8
2,ED,2022-04-15,0,21,-21,28,-7,-8,-8
3,ED,2022-04-16,10,20,-20,8,-6,-7,-8
4,ED,2022-04-17,-8,15,-13,25,-5,-7,-8
5,ED,2022-04-18,-24,18,-33,67,-6,-8,-9
6,ED,2022-04-19,-18,20,-30,60,-6,-8,-9
7,ED,2022-04-20,0,22,-22,44,-3,-7,-8
0,STZ,2022-04-13,10,20,-15,16,11,9,11
1,STZ,2022-04-14,12,21,-17,20,12,10,12
2,STZ,2022-04-15,2,20,-19,9,12,10,12
3,STZ,2022-04-16,20,20,0,2,13,10,12
4,STZ,2022-04-17,8,19,-19,9,12,11,12
5,STZ,2022-04-18,6,20,-19,21,11,11,11
6,STZ,2022-04-19,23,26,-19,33,12,11,12
7,STZ,2022-04-20,21,25,0,25,13,12,12
0,CPRT,2022-04-13,7,20,-20,6,2,6,7
1,CPRT,2022-04-14,17,24,-20,25,5,6,7
2,CPRT,2022-04-15,19,20,0,11,6,7,7
3,CPRT,2022-04-16,0,0,0,4,5,7,6
4,CPRT,2022-04-17,-32,0,-33,48,2,5,5
5,CPRT,2022-04-18,2,17,-19,24,2,4,5
6,CPRT,2022-04-19,-2,0,-20,42,0,4,5
7,CPRT,2022-04-20,0,16,-20,68,1,2,5
0,GLW,2022-04-13,12,26,-16,48,-3,0,5
1,GLW,2022-04-14,1,21,-18,58,-2,-1,5
2,GLW,2022-04-15,2,23,-21,43,-2,-1,5
3,GLW,2022-04-16,0,19,-19,56,-2,-2,4
4,GLW,2022-04-17,2,17,-16,18,2,-1,4
5,GLW,2022-04-18,-5,18,-19,51,2,-1,4
6,GLW,2022-04-19,5,23,-20,56,2,-1,4
7,GLW,2022-04-20,3,20,-19,70,3,-1,4
0,COST,2022-04-13,47,63,-41,2223,27,24,21
1,COST,2022-04-14,26,57,-45,1475,29,23,22
2,COST,2022-04-15,36,62,-41,2067,30,24,23
3,COST,2022-04-16,26,56,-44,1526,29,24,23
4,COST,2022-04-17,-13,38,-56,1567,27,23,23
5,COST,2022-04-18,2,45,-48,1057,25,22,23
6,COST,2022-04-19,21,53,-48,1590,25,22,23
7,COST,2022-04-20,17,54,-47,1314,21,23,23
0,CTRA,2022-04-13,13,23,-19,21,7,5,10
1,CTRA,2022-04-14,24,29,-19,33,9,6,10
2,CTRA,2022-04-15,-2,20,-19,9,7,6,10
3,CTRA,2022-04-16,8,20,-6,9,8,7,10
4,CTRA,2022-04-17,-1,20,-18,21,6,7,9
5,CTRA,2022-04-18,9,39,-35,173,8,7,9
6,CTRA,2022-04-19,6,22,-19,38,7,7,9
7,CTRA,2022-04-20,18,25,-20,26,8,8,9
0,CCI,2022-04-13,7,20,-20,8,17,14,11
1,CCI,2022-04-14,23,25,0,20,17,16,12
2,CCI,2022-04-15,0,14,0,208,14,15,12
3,CCI,2022-04-16,30,32,-20,44,15,15,13
4,CCI,2022-04-17,2,20,-20,233,14,15,12
5,CCI,2022-04-18,2,20,-20,62,14,15,12
6,CCI,2022-04-19,17,33,-20,92,15,15,12
7,CCI,2022-04-20,22,43,-19,295,13,16,14
0,CSX,2022-04-13,5,27,-23,93,-13,-5,1
1,CSX,2022-04-14,28,38,-21,144,-7,-4,2
2,CSX,2022-04-15,4,31,-19,418,-1,-5,2
3,CSX,2022-04-16,9,27,-19,57,0,-6,2
4,CSX,2022-04-17,2,25,-19,252,1,-6,2
5,CSX,2022-04-18,2,30,-29,183,0,-5,2
6,CSX,2022-04-19,-2,40,-41,277,2,-6,2
7,CSX,2022-04-20,16,45,-27,519,4,-4,2
0,CMI,2022-04-13,3,17,-19,14,4,6,7
1,CMI,2022-04-14,14,25,-19,30,5,5,7
2,CMI,2022-04-15,19,22,0,17,8,6,8
3,CMI,2022-04-16,9,20,-19,9,8,6,8
4,CMI,2022-04-17,12,20,0,5,9,5,8
5,CMI,2022-04-18,2,17,-20,12,9,5,8
6,CMI,2022-04-19,12,24,-20,25,10,6,8
7,CMI,2022-04-20,7,19,-19,8,10,7,8
0,CVS,2022-04-13,13,32,-20,105,18,15,15
1,CVS,2022-04-14,12,25,-24,170,16,15,15
2,CVS,2022-04-15,-50,28,-58,919,7,9,13
3,CVS,2022-04-16,8,28,-20,83,6,9,13
4,CVS,2022-04-17,37,46,-20,282,7,11,13
5,CVS,2022-04-18,8,30,-22,100,6,11,13
6,CVS,2022-04-19,20,31,-20,73,7,12,13
7,CVS,2022-04-20,18,40,-26,180,8,13,13
0,DHI,2022-04-13,-5,18,-22,30,-4,-1,1
1,DHI,2022-04-14,2,22,-18,63,-3,-1,1
2,DHI,2022-04-15,3,17,-20,12,-2,-2,1
3,DHI,2022-04-16,11,20,0,7,0,-1,2
4,DHI,2022-04-17,7,17,0,5,4,0,1
5,DHI,2022-04-18,5,19,-20,10,3,-1,1
6,DHI,2022-04-19,-17,20,-23,40,1,-2,1
7,DHI,2022-04-20,0,19,-20,10,1,-2,0
0,DHR,2022-04-13,7,21,-20,22,5,5,5
1,DHR,2022-04-14,15,29,-16,48,5,6,6
2,DHR,2022-04-15,4,26,-19,232,6,6,5
3,DHR,2022-04-16,6,20,-20,17,4,6,5
4,DHR,2022-04-17,0,20,-20,229,2,5,5
5,DHR,2022-04-18,6,34,-18,455,3,5,5
6,DHR,2022-04-19,9,25,-19,38,3,6,5
7,DHR,2022-04-20,10,33,-21,173,3,6,5
0,DRI,2022-04-13,9,20,-19,9,9,8,6
1,DRI,2022-04-14,-8,20,-19,7,10,7,6
2,DRI,2022-04-15,15,20,0,4,10,7,6
3,DRI,2022-04-16,-11,0,-17,6,7,6,5
4,DRI,2022-04-17,-18,0,-18,3,3,5,5
5,DRI,2022-04-18,1,19,-19,50,2,4,5
6,DRI,2022-04-19,4,19,-20,10,1,4,4
7,DRI,2022-04-20,4,20,-20,9,0,4,4
0,DVA,2022-04-13,-11,20,-21,19,-3,-2,0
1,DVA,2022-04-14,-14,20,-25,32,-3,-3,0
2,DVA,2022-04-15,25,39,-29,246,0,-2,0
3,DVA,2022-04-16,26,34,-20,87,3,1,1
4,DVA,2022-04-17,2,18,-18,9,2,1,1
5,DVA,2022-04-18,2,21,-19,33,2,1,1
6,DVA,2022-04-19,-12,20,-26,33,1,0,0
7,DVA,2022-04-20,4,32,-30,76,1,0,0
0,DE,2022-04-13,9,39,-31,365,18,14,14
1,DE,2022-04-14,83,84,-35,17935,21,18,16
2,DE,2022-04-15,12,39,-31,281,21,18,16
3,DE,2022-04-16,16,36,-22,161,19,19,17
4,DE,2022-04-17,12,34,-17,219,17,20,17
5,DE,2022-04-18,20,43,-25,351,17,20,17
6,DE,2022-04-19,-43,40,-60,1359,8,16,15
7,DE,2022-04-20,17,42,-30,296,9,17,16
0,DAL,2022-04-13,18,60,-49,2363,3,-5,4
1,DAL,2022-04-14,-2,47,-49,900,3,-5,3
2,DAL,2022-04-15,12,37,-23,252,3,-4,3
3,DAL,2022-04-16,-27,37,-49,437,3,-7,1
4,DAL,2022-04-17,16,35,-21,258,4,-3,1
5,DAL,2022-04-18,-14,46,-58,4580,1,-1,1
6,DAL,2022-04-19,4,55,-55,1803,1,-1,0
7,DAL,2022-04-20,-47,46,-66,2804,-4,-2,-1
0,XRAY,2022-04-13,-2,20,-20,12,1,2,5
1,XRAY,2022-04-14,15,20,0,8,3,2,5
2,XRAY,2022-04-15,3,12,0,4,3,2,5
3,XRAY,2022-04-16,4,20,0,5,3,2,5
4,XRAY,2022-04-17,20,20,0,2,4,3,5
5,XRAY,2022-04-18,11,20,-3,7,6,4,5
6,XRAY,2022-04-19,-23,25,-40,167,3,2,4
7,XRAY,2022-04-20,-23,20,-31,55,1,1,3
0,DVN,2022-04-13,29,40,-20,137,18,18,18
1,DVN,2022-04-14,9,27,-19,60,16,18,18
2,DVN,2022-04-15,32,33,0,68,21,20,19
3,DVN,2022-04-16,14,20,-19,13,19,20,18
4,DVN,2022-04-17,14,27,-20,49,19,20,18
5,DVN,2022-04-18,-1,39,-39,199,16,18,17
6,DVN,2022-04-19,35,43,-19,173,20,19,19
7,DVN,2022-04-20,40,44,-19,195,21,19,20
0,DXCM,2022-04-13,0,19,-20,37,2,5,6
1,DXCM,2022-04-14,-1,20,-21,34,1,4,5
2,DXCM,2022-04-15,0,24,-24,155,0,4,5
3,DXCM,2022-04-16,3,18,-20,20,-2,3,5
4,DXCM,2022-04-17,-8,15,-20,18,-3,1,5
5,DXCM,2022-04-18,-4,20,-25,54,-2,1,4
6,DXCM,2022-04-19,6,21,-19,21,-1,1,4
7,DXCM,2022-04-20,-3,19,-21,42,-1,1,3
0,FANG,2022-04-13,4,22,-20,65,6,11,14
1,FANG,2022-04-14,20,31,-19,58,7,11,14
2,FANG,2022-04-15,-3,27,-28,81,9,9,13
3,FANG,2022-04-16,26,32,0,59,13,11,13
4,FANG,2022-04-17,-2,17,-16,27,11,9,12
5,FANG,2022-04-18,4,27,-20,231,10,7,12
6,FANG,2022-04-19,13,25,-20,37,11,7,12
7,FANG,2022-04-20,34,43,-20,199,13,9,13
0,DLR,2022-04-13,16,19,0,6,18,18,17
1,DLR,2022-04-14,-4,20,-19,5,15,16,17
2,DLR,2022-04-15,27,27,0,24,14,17,17
3,DLR,2022-04-16,6,20,-19,11,13,16,17
4,DLR,2022-04-17,13,20,0,3,12,15,17
5,DLR,2022-04-18,12,20,-19,5,12,14,17
6,DLR,2022-04-19,20,25,-19,21,14,16,18
7,DLR,2022-04-20,8,20,-20,5,13,15,18
0,DFS,2022-04-13,-3,20,-19,7,6,5,6
1,DFS,2022-04-14,4,20,-14,11,6,4,5
2,DFS,2022-04-15,0,20,-19,7,5,3,5
3,DFS,2022-04-16,20,20,0,5,7,4,5
4,DFS,2022-04-17,20,20,0,3,7,5,6
5,DFS,2022-04-18,18,30,-19,47,7,6,6
6,DFS,2022-04-19,5,20,-11,18,8,8,6
7,DFS,2022-04-20,4,20,-19,25,9,8,5
0,DISCA,2022-04-13,2,33,-31,835,9,10,10
1,DISCA,2022-04-14,3,37,-36,344,6,11,10
2,DISCA,2022-04-15,24,49,-24,634,10,12,10
3,DISCA,2022-04-16,14,46,-35,843,16,11,10
4,DISCA,2022-04-17,-11,38,-35,452,9,10,9
5,DISCA,2022-04-18,5,37,-33,299,12,9,9
6,DISCA,2022-04-19,3,43,-42,465,10,8,8
7,DISCA,2022-04-20,-1,38,-41,654,8,7,8
0,DISCK,2022-04-13,1,32,-31,824,11,11,10
1,DISCK,2022-04-14,2,36,-36,334,8,12,9
2,DISCK,2022-04-15,24,49,-24,626,9,13,10
3,DISCK,2022-04-16,14,46,-35,841,16,12,10
4,DISCK,2022-04-17,-11,37,-35,449,8,11,9
5,DISCK,2022-04-18,3,36,-32,284,11,10,9
6,DISCK,2022-04-19,9,43,-39,404,10,10,9
7,DISCK,2022-04-20,0,37,-40,639,8,9,8
0,DISH,2022-04-13,7,23,-20,37,5,4,3
1,DISH,2022-04-14,14,32,-23,69,6,5,3
2,DISH,2022-04-15,-4,18,-21,37,6,5,3
3,DISH,2022-04-16,-4,20,-16,17,5,4,3
4,DISH,2022-04-17,44,46,-20,290,9,6,4
5,DISH,2022-04-18,-8,18,-29,89,8,5,4
6,DISH,2022-04-19,0,20,-20,444,8,5,4
7,DISH,2022-04-20,8,21,-19,28,7,6,4
0,DG,2022-04-13,13,40,-30,235,11,11,8
1,DG,2022-04-14,14,43,-34,299,13,11,9
2,DG,2022-04-15,9,41,-38,244,13,11,9
3,DG,2022-04-16,2,37,-37,200,14,10,9
4,DG,2022-04-17,2,39,-27,2720,11,9,9
5,DG,2022-04-18,-4,44,-46,554,11,7,8
6,DG,2022-04-19,-55,43,-62,5888,1,4,6
7,DG,2022-04-20,-34,39,-51,888,-5,2,5
0,DLTR,2022-04-13,4,41,-38,382,3,3,3
1,DLTR,2022-04-14,-13,41,-48,675,2,3,2
2,DLTR,2022-04-15,-41,39,-57,1063,-4,0,1
3,DLTR,2022-04-16,-3,42,-42,579,-5,-1,1
4,DLTR,2022-04-17,-5,35,-39,327,-6,-1,1
5,DLTR,2022-04-18,2,43,-40,370,-5,-2,0
6,DLTR,2022-04-19,23,48,-37,425,-4,0,1
7,DLTR,2022-04-20,-5,41,-44,393,-4,-1,0
0,D,2022-04-13,5,20,-19,19,10,13,12
1,D,2022-04-14,9,20,-18,17,11,12,12
2,D,2022-04-15,-1,17,-19,17,9,11,11
3,D,2022-04-16,7,20,-20,8,9,10,11
4,D,2022-04-17,19,23,-19,16,10,10,11
5,D,2022-04-18,4,18,-18,17,8,10,11
6,D,2022-04-19,4,20,-19,21,9,10,11
7,D,2022-04-20,10,20,0,17,8,9,11
0,DPZ,2022-04-13,8,31,-25,109,-4,2,4
1,DPZ,2022-04-14,13,43,-26,789,-2,2,4
2,DPZ,2022-04-15,-15,27,-35,131,2,0,3
3,DPZ,2022-04-16,-49,28,-58,1020,-1,-4,1
4,DPZ,2022-04-17,-1,24,-25,95,-6,-5,2
5,DPZ,2022-04-18,8,32,-26,100,-1,-5,2
6,DPZ,2022-04-19,-15,38,-44,295,-2,-6,2
7,DPZ,2022-04-20,15,36,-24,166,-2,-5,5
0,DOV,2022-04-13,27,32,-20,51,19,20,17
1,DOV,2022-04-14,10,19,-20,26,18,20,18
2,DOV,2022-04-15,12,24,-20,36,18,20,18
3,DOV,2022-04-16,28,32,-19,53,20,20,18
4,DOV,2022-04-17,27,29,-20,32,20,20,18
5,DOV,2022-04-18,4,18,-20,27,20,18,18
6,DOV,2022-04-19,30,31,-19,39,21,19,19
7,DOV,2022-04-20,12,31,-20,133,20,19,19
0,DOW,2022-04-13,13,30,-20,80,3,3,7
1,DOW,2022-04-14,-4,31,-32,144,3,3,6
2,DOW,2022-04-15,2,24,-19,240,3,3,5
3,DOW,2022-04-16,13,27,-19,53,3,3,5
4,DOW,2022-04-17,0,22,-17,404,4,3,5
5,DOW,2022-04-18,-15,35,-45,435,3,2,4
6,DOW,2022-04-19,-24,31,-44,244,0,0,2
7,DOW,2022-04-20,8,42,-30,377,0,1,2
0,DTE,2022-04-13,-5,28,-26,242,-4,4,0
1,DTE,2022-04-14,-9,35,-39,215,-2,2,0
2,DTE,2022-04-15,1,30,-32,111,0,3,-1
3,DTE,2022-04-16,-1,20,-20,20,0,4,-1
4,DTE,2022-04-17,-1,20,-19,68,1,1,-1
5,DTE,2022-04-18,5,32,-21,137,2,1,-1
6,DTE,2022-04-19,-10,24,-32,99,-1,0,0
7,DTE,2022-04-20,2,22,-21,34,-4,-3,0
0,DUK,2022-04-13,-2,21,-23,53,4,6,5
1,DUK,2022-04-14,17,28,-20,41,4,6,5
2,DUK,2022-04-15,-3,20,-20,37,2,4,5
3,DUK,2022-04-16,-4,19,-23,50,1,3,5
4,DUK,2022-04-17,-3,19,-20,18,2,3,4
5,DUK,2022-04-18,-1,27,-28,66,2,3,4
6,DUK,2022-04-19,-9,21,-28,44,1,2,4
7,DUK,2022-04-20,7,24,-19,53,1,2,4
0,DRE,2022-04-13,15,20,0,11,7,9,9
1,DRE,2022-04-14,4,19,0,9,7,9,9
2,DRE,2022-04-15,0,20,-16,9,6,8,8
3,DRE,2022-04-16,10,20,0,2,5,9,8
4,DRE,2022-04-17,20,20,0,1,9,9,9
5,DRE,2022-04-18,1,20,-15,10,8,8,9
6,DRE,2022-04-19,12,20,-20,5,7,8,9
7,DRE,2022-04-20,11,20,-20,7,9,8,9
0,DD,2022-04-13,25,33,-20,58,15,12,10
1,DD,2022-04-14,31,34,-19,62,20,13,11
2,DD,2022-04-15,33,35,-20,65,24,15,12
3,DD,2022-04-16,37,38,0,93,29,17,12
4,DD,2022-04-17,17,32,-23,57,29,18,12
5,DD,2022-04-18,24,34,-19,78,29,19,13
6,DD,2022-04-19,19,30,-20,46,27,19,13
7,DD,2022-04-20,21,33,-18,74,26,20,13
0,DXC,2022-04-13,8,20,-19,10,9,7,7
1,DXC,2022-04-14,1,20,-16,20,7,7,7
2,DXC,2022-04-15,5,18,-19,7,6,7,7
3,DXC,2022-04-16,15,20,0,4,5,7,7
4,DXC,2022-04-17,-6,0,-19,3,3,6,6
5,DXC,2022-04-18,3,20,-18,8,3,6,6
6,DXC,2022-04-19,-2,20,-20,10,3,6,6
7,DXC,2022-04-20,2,20,-20,36,3,6,6
0,EMN,2022-04-13,5,20,-20,14,0,1,3
1,EMN,2022-04-14,-15,0,-20,4,-1,0,3
2,EMN,2022-04-15,-20,0,-20,1,-3,-2,2
3,EMN,2022-04-16,-19,0,-19,1,-6,-3,1
4,EMN,2022-04-17,4,20,-20,5,-6,-3,1
5,EMN,2022-04-18,8,20,0,26,-4,-1,1
6,EMN,2022-04-19,-9,19,-19,15,-6,-2,1
7,EMN,2022-04-20,11,20,-19,16,-6,-2,1
0,ETN,2022-04-13,14,27,-19,49,23,25,22
1,ETN,2022-04-14,23,28,-20,35,23,25,22
2,ETN,2022-04-15,10,20,-17,17,20,24,21
3,ETN,2022-04-16,11,27,-18,38,17,23,21
4,ETN,2022-04-17,22,22,0,13,17,23,21
5,ETN,2022-04-18,18,24,-20,22,17,21,21
6,ETN,2022-04-19,16,26,-20,32,15,21,22
7,ETN,2022-04-20,22,31,-20,49,17,21,22
0,EBAY,2022-04-13,45,62,-41,1843,7,6,9
1,EBAY,2022-04-14,2,32,-32,337,7,6,8
2,EBAY,2022-04-15,1,28,-18,784,6,5,7
3,EBAY,2022-04-16,2,29,-26,434,6,5,6
4,EBAY,2022-04-17,3,30,-22,416,7,6,6
5,EBAY,2022-04-18,38,57,-40,1726,11,8,5
6,EBAY,2022-04-19,-10,29,-41,453,9,7,5
7,EBAY,2022-04-20,27,52,-37,909,12,8,7
0,ECL,2022-04-13,21,22,0,17,3,2,5
1,ECL,2022-04-14,9,20,-17,9,4,3,5
2,ECL,2022-04-15,2,19,-20,10,3,4,5
3,ECL,2022-04-16,10,20,0,2,3,5,5
4,ECL,2022-04-17,8,20,-20,7,7,6,5
5,ECL,2022-04-18,24,28,-20,39,10,7,5
6,ECL,2022-04-19,6,20,-19,16,10,6,5
7,ECL,2022-04-20,5,20,-19,14,11,6,5
0,EIX,2022-04-13,21,29,-20,36,7,8,7
1,EIX,2022-04-14,11,18,-20,16,8,8,7
2,EIX,2022-04-15,4,19,-20,4,7,8,7
3,EIX,2022-04-16,15,20,-19,8,8,8,7
4,EIX,2022-04-17,0,20,-20,3,8,8,8
5,EIX,2022-04-18,-6,19,-19,6,5,6,7
6,EIX,2022-04-19,0,20,-15,8,5,6,7
7,EIX,2022-04-20,10,20,0,4,7,6,7
0,EW,2022-04-13,8,20,-19,15,13,14,11
1,EW,2022-04-14,9,20,-20,9,14,14,11
2,EW,2022-04-15,-14,20,-22,17,10,11,10
3,EW,2022-04-16,34,36,-20,73,12,12,11
4,EW,2022-04-17,29,31,0,40,14,12,11
5,EW,2022-04-18,16,20,0,10,13,13,11
6,EW,2022-04-19,-9,29,-35,114,9,11,11
7,EW,2022-04-20,20,35,-18,99,12,13,11
0,EA,2022-04-13,0,23,-23,80,-1,1,2
1,EA,2022-04-14,18,34,-20,106,2,1,2
2,EA,2022-04-15,1,20,-20,46,1,1,1
3,EA,2022-04-16,-6,20,-20,42,0,0,1
4,EA,2022-04-17,2,20,-20,42,1,0,1
5,EA,2022-04-18,1,19,-20,64,3,1,1
6,EA,2022-04-19,-13,23,-37,229,1,0,1
7,EA,2022-04-20,15,36,-23,146,2,1,1
0,LLY,2022-04-13,8,34,-29,101,16,18,13
1,LLY,2022-04-14,9,23,-20,33,17,19,13
2,LLY,2022-04-15,-3,18,-19,8,13,18,13
3,LLY,2022-04-16,-16,20,-21,14,8,16,12
4,LLY,2022-04-17,5,19,-19,31,8,15,11
5,LLY,2022-04-18,-9,24,-30,63,5,13,11
6,LLY,2022-04-19,11,31,-23,76,2,11,10
7,LLY,2022-04-20,20,31,-19,55,4,10,11
0,EMR,2022-04-13,4,20,-20,18,8,8,7
1,EMR,2022-04-14,4,20,-19,10,7,8,7
2,EMR,2022-04-15,2,20,-19,10,8,7,7
3,EMR,2022-04-16,5,20,-20,8,9,7,7
4,EMR,2022-04-17,-10,0,-20,6,6,6,6
5,EMR,2022-04-18,8,20,-20,11,5,6,6
6,EMR,2022-04-19,19,23,-19,19,5,7,6
7,EMR,2022-04-20,0,20,-19,5,4,6,6
0,ENPH,2022-04-13,15,30,-20,67,17,19,22
1,ENPH,2022-04-14,19,35,-23,93,15,18,21
2,ENPH,2022-04-15,12,21,-18,17,15,19,21
3,ENPH,2022-04-16,21,30,-20,59,15,19,21
4,ENPH,2022-04-17,6,21,-12,63,14,18,20
5,ENPH,2022-04-18,-2,20,-19,30,11,16,20
6,ENPH,2022-04-19,28,37,-19,92,13,16,20
7,ENPH,2022-04-20,13,40,-36,207,15,15,20
0,ETR,2022-04-13,-3,26,-29,67,-3,-3,-3
1,ETR,2022-04-14,-18,21,-32,67,-4,-3,-4
2,ETR,2022-04-15,-5,17,-19,20,-5,-2,-4
3,ETR,2022-04-16,-6,18,-20,12,-6,-2,-5
4,ETR,2022-04-17,5,19,-20,12,-6,-2,-5
5,ETR,2022-04-18,7,23,-16,30,-5,-1,-5
6,ETR,2022-04-19,-3,20,-20,15,-4,-2,-5
7,ETR,2022-04-20,-3,20,-19,18,-4,-3,-5
0,EOG,2022-04-13,23,30,-19,45,10,2,4
1,EOG,2022-04-14,7,21,-19,24,10,7,4
2,EOG,2022-04-15,5,19,-19,8,9,7,4
3,EOG,2022-04-16,9,20,-19,12,11,8,4
4,EOG,2022-04-17,2,17,-19,28,8,8,4
5,EOG,2022-04-18,24,31,-19,46,10,10,4
6,EOG,2022-04-19,3,20,-19,28,8,10,4
7,EOG,2022-04-20,16,26,-19,31,10,10,4
0,EFX,2022-04-13,9,35,-30,129,-1,-2,1
1,EFX,2022-04-14,-4,24,-25,48,-3,-2,0
2,EFX,2022-04-15,-5,23,-27,56,-3,-3,0
3,EFX,2022-04-16,-12,20,-20,18,-3,-3,-1
4,EFX,2022-04-17,-27,18,-35,78,-7,-5,-2
5,EFX,2022-04-18,23,32,-18,64,-2,-3,-1
6,EFX,2022-04-19,4,37,-33,183,-1,-2,0
7,EFX,2022-04-20,-1,33,-33,280,-1,-2,-1
0,EQR,2022-04-13,-6,20,-20,3,10,8,7
1,EQR,2022-04-14,0,0,0,8,9,8,7
2,EQR,2022-04-15,-7,0,-20,3,5,7,6
3,EQR,2022-04-16,1,20,-16,6,4,6,6
4,EQR,2022-04-17,8,20,0,5,4,6,6
5,EQR,2022-04-18,6,20,-19,10,3,8,6
6,EQR,2022-04-19,12,20,-20,10,5,8,7
7,EQR,2022-04-20,23,25,-19,20,7,8,8
0,ESS,2022-04-13,27,32,-19,50,17,19,19
1,ESS,2022-04-14,20,20,0,10,17,20,19
2,ESS,2022-04-15,14,20,-20,12,18,20,19
3,ESS,2022-04-16,27,30,-19,38,18,19,19
4,ESS,2022-04-17,12,20,-20,5,19,18,18
5,ESS,2022-04-18,40,50,-27,403,23,20,19
6,ESS,2022-04-19,43,48,-20,291,26,21,20
7,ESS,2022-04-20,29,45,-30,293,27,21,20
0,EL,2022-04-13,15,27,-16,43,10,10,9
1,EL,2022-04-14,31,38,-20,108,13,11,9
2,EL,2022-04-15,9,20,-18,28,12,10,10
3,EL,2022-04-16,1,20,-19,29,11,10,9
4,EL,2022-04-17,8,19,-20,17,11,10,10
5,EL,2022-04-18,47,50,-19,373,16,13,11
6,EL,2022-04-19,19,40,-26,211,18,13,11
7,EL,2022-04-20,10,25,-20,97,16,14,11
0,ETSY,2022-04-13,-29,29,-46,332,-29,-17,-11
1,ETSY,2022-04-14,9,40,-39,378,-32,-18,-11
2,ETSY,2022-04-15,-33,27,-47,329,-31,-15,-12
3,ETSY,2022-04-16,-28,29,-45,286,-31,-17,-13
4,ETSY,2022-04-17,-40,35,-55,783,-35,-20,-14
5,ETSY,2022-04-18,-28,32,-47,382,-34,-22,-15
6,ETSY,2022-04-19,-11,30,-35,192,-29,-24,-15
7,ETSY,2022-04-20,34,51,-20,656,-18,-23,-14
0,RE,2022-04-13,7,20,0,3,3,4,6
1,RE,2022-04-14,20,20,0,2,4,5,6
2,RE,2022-04-15,14,20,-19,7,6,6,6
3,RE,2022-04-16,0,20,-19,2,6,5,6
4,RE,2022-04-17,9,19,0,2,9,6,6
5,RE,2022-04-18,-11,20,-17,11,6,4,5
6,RE,2022-04-19,-13,0,-19,7,3,4,4
7,RE,2022-04-20,12,20,0,5,4,4,4
0,ES,2022-04-13,14,52,-36,1017,9,9,12
1,ES,2022-04-14,4,53,-51,1071,9,8,11
2,ES,2022-04-15,-8,27,-33,154,7,7,11
3,ES,2022-04-16,28,40,-19,157,7,9,11
4,ES,2022-04-17,9,39,-34,340,7,9,10
5,ES,2022-04-18,11,56,-53,1435,9,9,9
6,ES,2022-04-19,6,52,-49,1191,9,9,9
7,ES,2022-04-20,14,51,-46,770,11,9,9
0,EXC,2022-04-13,32,41,0,155,7,10,12
1,EXC,2022-04-14,25,35,-20,74,10,10,12
2,EXC,2022-04-15,8,38,-35,151,11,10,11
3,EXC,2022-04-16,11,19,-18,11,11,11,11
4,EXC,2022-04-17,13,20,-20,6,13,10,12
5,EXC,2022-04-18,11,24,-19,42,13,10,11
6,EXC,2022-04-19,17,29,-18,39,16,11,11
7,EXC,2022-04-20,12,28,-18,46,17,10,11
0,EXPE,2022-04-13,-16,38,-45,331,-4,-2,-1
1,EXPE,2022-04-14,7,34,-28,125,-2,-2,0
2,EXPE,2022-04-15,-11,26,-33,113,-3,-2,-1
3,EXPE,2022-04-16,2,34,-33,190,-2,-2,-1
4,EXPE,2022-04-17,-3,27,-29,96,-1,-2,-1
5,EXPE,2022-04-18,3,31,-29,118,0,-2,-1
6,EXPE,2022-04-19,-7,36,-40,258,0,-3,-1
7,EXPE,2022-04-20,57,62,-34,1650,4,1,0
0,EXPD,2022-04-13,10,20,-19,4,-2,1,2
1,EXPD,2022-04-14,12,20,-19,5,0,1,2
2,EXPD,2022-04-15,10,20,0,2,4,0,2
3,EXPD,2022-04-16,-19,0,-19,2,1,0,1
4,EXPD,2022-04-17,0,20,-20,2,0,-2,1
5,EXPD,2022-04-18,15,20,0,4,2,0,1
6,EXPD,2022-04-19,0,20,-20,5,1,1,1
7,EXPD,2022-04-20,-13,0,-20,3,0,-1,0
0,EXR,2022-04-13,5,20,-20,4,13,9,9
1,EXR,2022-04-14,2,18,-20,110,14,9,8
2,EXR,2022-04-15,20,20,0,1,12,9,9
3,EXR,2022-04-16,-20,0,-20,1,8,8,8
4,EXR,2022-04-17,2,20,-20,9,5,8,8
5,EXR,2022-04-18,19,23,-20,17,6,9,8
6,EXR,2022-04-19,9,25,-19,30,7,10,8
7,EXR,2022-04-20,19,25,-20,24,8,10,8
0,XOM,2022-04-13,-11,49,-53,969,-9,-2,6
1,XOM,2022-04-14,-12,44,-50,809,-21,-2,6
2,XOM,2022-04-15,21,57,-44,1942,-18,0,4
3,XOM,2022-04-16,-14,42,-48,503,-12,0,4
4,XOM,2022-04-17,3,43,-42,443,-10,0,3
5,XOM,2022-04-18,10,45,-46,842,-7,0,2
6,XOM,2022-04-19,-6,51,-55,1295,-8,-2,2
7,XOM,2022-04-20,40,57,-41,1287,0,-2,1
0,FFIV,2022-04-13,-20,0,-20,1,-4,-2,2
1,FFIV,2022-04-14,-4,20,-19,8,-3,-2,2
2,FFIV,2022-04-15,-10,0,-20,2,-4,-4,2
3,FFIV,2022-04-16,-20,0,-20,4,-6,-6,1
4,FFIV,2022-04-17,-16,0,-20,6,-7,-5,0
5,FFIV,2022-04-18,-9,20,-20,11,-10,-6,0
6,FFIV,2022-04-19,-5,20,-19,10,-12,-8,-1
7,FFIV,2022-04-20,-5,20,-20,4,-13,-7,-1
0,FB,2022-04-13,3,39,-39,284,-21,-32,-34
1,FB,2022-04-14,-55,31,-76,11095,-19,-30,-35
2,FB,2022-04-15,-90,22,-90,35156,-21,-31,-39
3,FB,2022-04-16,3,79,-83,40163,-12,-25,-37
4,FB,2022-04-17,-78,25,-80,10984,-19,-33,-38
5,FB,2022-04-18,-2,36,-45,5304,-18,-29,-38
6,FB,2022-04-19,-49,35,-74,8938,-17,-31,-38
7,FB,2022-04-20,-41,3,-87,57542,-31,-32,-37
0,FAST,2022-04-13,43,58,-29,1183,13,13,12
1,FAST,2022-04-14,27,41,-24,156,12,15,13
2,FAST,2022-04-15,37,40,-20,130,16,16,13
3,FAST,2022-04-16,0,20,-20,6,16,14,13
4,FAST,2022-04-17,5,20,-20,13,16,14,13
5,FAST,2022-04-18,12,28,-7,59,15,14,13
6,FAST,2022-04-19,5,23,-19,36,16,15,13
7,FAST,2022-04-20,24,29,-20,36,18,14,13
0,FRT,2022-04-13,20,20,0,3,12,8,9
1,FRT,2022-04-14,15,15,0,2,13,9,9
2,FRT,2022-04-15,11,20,-20,9,10,9,9
3,FRT,2022-04-16,-10,0,-20,2,10,8,9
4,FRT,2022-04-17,-7,0,-20,3,7,7,9
5,FRT,2022-04-18,31,31,0,38,11,10,9
6,FRT,2022-04-19,4,20,0,12,10,11,9
7,FRT,2022-04-20,5,20,-19,4,10,10,8
0,FDX,2022-04-13,-7,41,-45,505,-10,-11,-9
1,FDX,2022-04-14,36,58,-47,1838,-4,-9,-8
2,FDX,2022-04-15,-24,34,-48,500,-5,-10,-9
3,FDX,2022-04-16,-41,45,-59,1682,-9,-11,-10
4,FDX,2022-04-17,-12,40,-47,748,-13,-10,-12
5,FDX,2022-04-18,33,61,-50,1941,-8,-7,-11
6,FDX,2022-04-19,-10,43,-51,1415,-8,-8,-11
7,FDX,2022-04-20,-15,38,-52,1644,-7,-7,-9
0,FIS,2022-04-13,22,36,-20,98,22,24,24
1,FIS,2022-04-14,23,31,-20,50,22,24,24
2,FIS,2022-04-15,18,28,-16,66,22,23,24
3,FIS,2022-04-16,24,33,-20,62,22,23,25
4,FIS,2022-04-17,23,31,-19,46,23,23,25
5,FIS,2022-04-18,28,32,-20,54,24,23,26
6,FIS,2022-04-19,28,36,-20,95,25,23,26
7,FIS,2022-04-20,0,30,-29,80,23,22,26
0,FITB,2022-04-13,2,19,-20,11,-1,1,3
1,FITB,2022-04-14,4,20,-19,31,0,0,3
2,FITB,2022-04-15,1,20,-17,5,0,0,3
3,FITB,2022-04-16,0,20,-20,3,2,0,3
4,FITB,2022-04-17,-3,20,-19,6,1,0,2
5,FITB,2022-04-18,3,26,-21,159,1,1,2
6,FITB,2022-04-19,-2,27,-26,149,0,0,1
7,FITB,2022-04-20,0,20,-15,17,0,0,1
0,FE,2022-04-13,-18,19,-25,28,-12,-18,-19
1,FE,2022-04-14,-5,20,-22,32,-11,-15,-19
2,FE,2022-04-15,-34,19,-38,86,-14,-16,-19
3,FE,2022-04-16,6,19,-20,12,-13,-15,-19
4,FE,2022-04-17,-17,20,-24,21,-15,-14,-19
5,FE,2022-04-18,3,9,-20,14,-14,-13,-19
6,FE,2022-04-19,-4,20,-20,9,-14,-13,-19
7,FE,2022-04-20,-3,26,-29,81,-14,-10,-19
0,FISV,2022-04-13,18,35,-3,130,9,11,9
1,FISV,2022-04-14,5,24,-20,47,8,11,9
2,FISV,2022-04-15,9,19,-18,19,7,10,9
3,FISV,2022-04-16,17,22,-20,20,9,10,10
4,FISV,2022-04-17,-1,27,-30,657,8,9,10
5,FISV,2022-04-18,0,16,-20,21,8,8,9
6,FISV,2022-04-19,2,24,-24,59,8,7,9
7,FISV,2022-04-20,0,34,-35,201,6,7,9
0,FMC,2022-04-13,5,20,-19,12,14,11,12
1,FMC,2022-04-14,9,21,-19,19,11,12,12
2,FMC,2022-04-15,-2,20,-20,11,9,11,12
3,FMC,2022-04-16,7,20,-20,3,7,11,12
4,FMC,2022-04-17,0,20,-20,13,6,11,11
5,FMC,2022-04-18,18,23,-20,21,7,12,11
6,FMC,2022-04-19,36,43,-23,172,8,12,12
7,FMC,2022-04-20,27,35,-19,83,10,14,12
0,F,2022-04-13,31,63,-41,3422,18,13,7
1,F,2022-04-14,44,67,-42,3675,18,12,8
2,F,2022-04-15,41,62,-28,3820,20,12,9
3,F,2022-04-16,44,62,-40,1984,23,14,10
4,F,2022-04-17,9,54,-41,4756,21,16,10
5,F,2022-04-18,-10,50,-60,5804,15,15,8
6,F,2022-04-19,-26,57,-67,5031,13,14,7
7,F,2022-04-20,30,53,-30,1126,22,19,9
0,FTNT,2022-04-13,17,39,-28,160,17,16,12
1,FTNT,2022-04-14,19,38,-21,164,17,16,13
2,FTNT,2022-04-15,9,28,-20,69,16,16,12
3,FTNT,2022-04-16,10,20,0,29,15,16,13
4,FTNT,2022-04-17,-1,20,-20,27,14,14,12
5,FTNT,2022-04-18,8,30,-23,97,13,15,11
6,FTNT,2022-04-19,23,38,-13,147,14,15,12
7,FTNT,2022-04-20,14,36,-27,134,12,15,13
0,FTV,2022-04-13,7,20,-19,3,2,4,5
1,FTV,2022-04-14,7,20,-20,3,3,4,5
2,FTV,2022-04-15,20,20,0,1,5,4,6
3,FTV,2022-04-17,-7,19,-20,3,7,1,5
4,FTV,2022-04-18,0,20,-20,5,6,2,5
5,FTV,2022-04-19,20,20,0,2,8,4,5
6,FTV,2022-04-20,20,20,0,3,10,6,5
0,FBHS,2022-04-13,-14,20,-25,27,-7,-7,-3
1,FBHS,2022-04-14,-23,20,-27,25,-11,-7,-4
2,FBHS,2022-04-15,-11,15,-19,4,-11,-8,-5
3,FBHS,2022-04-16,-20,0,-20,3,-12,-9,-6
4,FBHS,2022-04-17,20,20,0,2,-9,-7,-5
5,FBHS,2022-04-18,-15,0,-19,5,-11,-7,-6
6,FBHS,2022-04-19,-1,17,-19,8,-10,-6,-6
7,FBHS,2022-04-20,3,20,-20,7,-8,-7,-6
0,FOXA,2022-04-13,9,20,-19,12,6,3,4
1,FOXA,2022-04-14,12,20,0,5,6,4,5
2,FOXA,2022-04-15,-20,0,-20,2,2,3,4
3,FOXA,2022-04-17,18,22,-19,16,5,4,4
4,FOXA,2022-04-18,0,0,0,3,4,4,4
5,FOXA,2022-04-19,7,20,-20,13,7,5,5
6,FOXA,2022-04-20,9,20,0,9,6,5,4
0,FOX,2022-04-13,19,28,-19,50,26,20,14
1,FOX,2022-04-14,28,31,-20,44,27,21,15
2,FOX,2022-04-15,34,37,-20,80,30,23,15
3,FOX,2022-04-16,-35,20,-36,69,26,20,14
4,FOX,2022-04-17,11,20,-20,11,24,21,14
5,FOX,2022-04-18,20,30,-20,61,22,21,14
6,FOX,2022-04-19,8,21,-20,41,18,19,14
7,FOX,2022-04-20,15,20,0,16,15,20,15
0,BEN,2022-04-13,-8,19,-25,38,3,5,5
1,BEN,2022-04-14,14,28,-20,45,4,5,5
2,BEN,2022-04-15,7,20,-19,12,4,5,5
3,BEN,2022-04-16,0,20,-19,10,4,5,5
4,BEN,2022-04-17,3,21,-19,38,5,4,5
5,BEN,2022-04-18,2,20,-19,21,3,4,5
6,BEN,2022-04-19,9,26,-20,58,3,4,5
7,BEN,2022-04-20,0,20,-20,20,3,4,5
0,FCX,2022-04-13,6,29,-21,87,9,14,18
1,FCX,2022-04-14,20,35,-21,97,11,14,17
2,FCX,2022-04-15,20,30,-19,52,15,13,18
3,FCX,2022-04-16,16,27,-19,49,14,13,17
4,FCX,2022-04-17,6,27,-18,168,11,12,16
5,FCX,2022-04-18,21,38,-17,172,14,12,16
6,FCX,2022-04-19,12,31,-19,104,15,12,16
7,FCX,2022-04-20,8,32,-22,176,14,11,15
0,GPS,2022-04-13,23,49,-40,555,14,11,5
1,GPS,2022-04-14,6,25,-20,42,9,9,6
2,GPS,2022-04-15,0,0,0,18,10,9,5
3,GPS,2022-04-16,34,38,-19,99,12,11,6
4,GPS,2022-04-17,8,20,-20,23,11,12,6
5,GPS,2022-04-18,10,32,-26,105,12,13,7
6,GPS,2022-04-19,-1,19,-21,65,13,12,6
7,GPS,2022-04-20,2,20,-20,16,9,12,6
0,GRMN,2022-04-13,15,37,-27,212,19,16,14
1,GRMN,2022-04-14,33,46,-22,347,21,17,15
2,GRMN,2022-04-15,19,37,-16,164,22,18,16
3,GRMN,2022-04-16,3,42,-41,341,21,17,16
4,GRMN,2022-04-17,16,32,-20,117,19,17,15
5,GRMN,2022-04-18,16,40,-30,236,20,19,15
6,GRMN,2022-04-19,14,40,-28,418,16,18,15
7,GRMN,2022-04-20,22,46,-31,490,16,19,15
0,IT,2022-04-13,15,43,-37,385,14,14,14
1,IT,2022-04-14,16,40,-24,286,12,14,14
2,IT,2022-04-15,9,34,-22,203,11,13,14
3,IT,2022-04-16,20,38,-20,163,11,13,14
4,IT,2022-04-17,18,34,-15,108,11,14,14
5,IT,2022-04-18,14,33,-19,198,12,14,15
6,IT,2022-04-19,13,40,-24,454,15,14,15
7,IT,2022-04-20,25,41,-21,268,18,15,15
0,GNRC,2022-04-13,6,20,-19,7,-2,1,4
1,GNRC,2022-04-14,-5,20,-22,24,-4,0,3
2,GNRC,2022-04-15,4,20,-19,12,-3,0,3
3,GNRC,2022-04-16,-16,20,-22,17,-4,-2,2
4,GNRC,2022-04-17,0,20,-20,3,-5,-1,2
5,GNRC,2022-04-18,-17,20,-22,15,-8,-2,1
6,GNRC,2022-04-19,14,21,-20,30,-6,-1,1
7,GNRC,2022-04-20,0,20,-19,16,-4,-2,1
0,GD,2022-04-13,7,43,-39,373,0,2,3
1,GD,2022-04-14,9,33,-26,145,3,3,4
2,GD,2022-04-15,-2,20,-20,44,0,2,4
3,GD,2022-04-16,2,21,-19,38,-2,2,4
4,GD,2022-04-17,16,27,-19,41,0,1,4
5,GD,2022-04-18,11,37,-31,168,2,1,4
6,GD,2022-04-19,10,29,-19,112,2,3,4
7,GD,2022-04-20,22,36,-22,252,5,4,5
